County,Year,Population,Deaths,Treatment,HPSA,MU,Interstates,HIDTA,MSA,PrescribingRate
Adams,2007,28538,1,23,1,1,0,0,0,
Allen,2007,106717,3,20,1,1,1,0,1,
Ashland,2007,53544,2,40,0,0,1,0,0,
Ashtabula,2007,102156,3,56,1,1,1,0,0,
Athens,2007,64102,6,70,1,1,0,0,0,
Auglaize,2007,45977,2,11,1,0,1,0,0,
Belmont,2007,70430,0,36,1,1,1,0,1,
Brown,2007,44490,4,35,1,1,0,0,1,
Butler,2007,361192,32,200,0,1,1,0,1,
Carroll,2007,29062,0,12,1,1,0,0,1,
Champaign,2007,40127,1,23,1,0,0,0,0,
Clark,2007,139829,13,226,0,1,1,0,1,
Clermont,2007,194346,33,158,0,1,0,0,1,
Clinton,2007,42576,0,37,0,1,1,0,0,
Columbiana,2007,109153,5,91,1,1,0,0,0,
Coshocton,2007,37184,1,12,1,1,0,0,0,
Crawford,2007,44634,2,46,1,0,0,0,0,
Cuyahoga,2007,1301540,85,1677,0,1,4,1,1,
Darke,2007,52996,3,20,1,1,0,0,0,
Defiance,2007,39123,1,16,0,1,0,0,0,
Delaware,2007,161796,3,54,0,0,1,0,1,
Erie,2007,77668,1,47,1,1,1,0,1,
Fairfield,2007,142915,9,114,1,1,1,1,1,
Fayette,2007,28908,4,26,1,1,1,0,0,
Franklin,2007,1127174,85,1386,0,1,2,1,1,
Fulton,2007,42800,0,14,0,0,1,0,1,
Gallia,2007,30977,0,44,1,0,0,0,0,
Geauga,2007,93742,2,45,0,0,0,0,1,
Greene,2007,159055,4,150,0,1,0,1,1,
Guernsey,2007,40531,1,22,1,1,2,0,0,
Hamilton,2007,801815,66,566,0,1,3,1,1,
Hancock,2007,74712,0,22,0,0,1,0,0,
Hardin,2007,32132,3,16,1,1,0,0,0,
Harrison,2007,15901,0,12,1,1,0,0,0,
Henry,2007,28671,0,9,0,0,0,0,0,
Highland,2007,43845,3,36,1,1,0,0,0,
Hocking,2007,29418,5,16,1,1,0,0,1,
Holmes,2007,41826,1,12,1,1,0,0,0,
Huron,2007,60086,5,64,1,0,0,0,0,
Jackson,2007,33144,2,59,1,1,0,0,0,
Jefferson,2007,70114,1,68,0,1,0,0,1,
Knox,2007,59843,3,39,1,1,0,0,0,
Lake,2007,228930,20,101,0,1,1,0,1,
Lawrence,2007,62748,2,89,1,1,0,0,1,
Licking,2007,162375,5,77,0,0,1,0,1,
Logan,2007,46154,1,31,1,1,0,0,0,
Lorain,2007,298609,6,207,0,1,2,1,1,
Lucas,2007,445482,21,353,0,1,2,1,1,
Madison,2007,42392,2,34,0,1,2,0,1,
Mahoning,2007,243453,14,319,0,1,2,1,1,
Marion,2007,66487,4,57,0,1,0,0,0,
Medina,2007,168775,7,80,0,1,2,0,1,
Meigs,2007,23612,0,31,1,1,0,0,0,
Mercer,2007,41055,0,13,1,0,0,0,0,
Miami,2007,102130,7,53,1,1,1,0,1,
Monroe,2007,14774,0,8,1,1,0,0,0,
Montgomery,2007,540667,74,968,0,1,2,1,1,
Morgan,2007,15175,1,8,1,1,0,0,0,
Morrow,2007,34937,1,24,1,1,1,0,1,
Muskingum,2007,85939,2,29,1,1,1,0,0,
Noble,2007,14614,0,6,1,1,1,0,0,
Ottawa,2007,41690,2,16,1,1,1,0,0,
Paulding,2007,19735,0,6,1,1,0,0,0,
Perry,2007,35582,1,17,1,1,0,0,1,
Pickaway,2007,55044,1,42,1,1,0,0,1,
Pike,2007,28645,3,62,1,1,0,0,0,
Portage,2007,159148,2,110,0,1,2,0,1,
Preble,2007,42561,3,29,1,0,1,0,1,
Putnam,2007,34752,0,9,1,1,0,0,0,
Richland,2007,126995,3,94,0,1,1,0,0,
Ross,2007,77419,10,75,1,1,0,0,0,
Sandusky,2007,61571,2,29,1,1,1,0,0,
Scioto,2007,78775,12,174,1,1,0,1,0,
Seneca,2007,57289,1,24,1,0,0,0,0,
Shelby,2007,49284,1,18,1,0,1,0,0,
Stark,2007,376877,5,273,0,1,1,1,1,
Summit,2007,544275,31,919,0,1,3,1,1,
Trumbull,2007,214296,31,188,0,1,2,0,1,
Tuscarawas,2007,92511,0,48,1,1,1,0,0,
Union,2007,49906,2,32,1,1,0,0,1,
Van Wert,2007,29182,1,9,1,1,0,0,0,
Vinton,2007,13566,2,13,1,1,0,0,0,
Warren,2007,205258,8,112,0,1,2,1,1,
Washington,2007,62253,1,30,1,1,1,0,1,
Wayne,2007,114224,0,58,1,0,1,0,0,
Williams,2007,38532,0,10,0,0,1,0,0,
Wood,2007,125285,0,37,0,1,2,0,1,
Wyandot,2007,22716,0,10,1,0,0,0,0,
Adams,2008,28686,1,36,1,1,0,0,0,
Allen,2008,106773,1,21,1,1,1,0,1,
Ashland,2008,53499,1,53,0,0,1,0,0,
Ashtabula,2008,101826,2,70,1,1,1,0,0,
Athens,2008,64546,1,101,1,1,0,0,0,
Auglaize,2008,46167,3,13,1,0,1,0,0,
Belmont,2008,70356,4,52,1,1,1,0,1,
Brown,2008,44668,3,50,1,1,0,0,1,
Butler,2008,364179,40,278,0,1,1,0,1,
Carroll,2008,28999,2,17,1,1,0,0,1,
Champaign,2008,40263,0,45,1,0,0,0,0,
Clark,2008,139404,13,294,0,1,1,0,1,
Clermont,2008,195891,32,186,0,1,0,0,1,
Clinton,2008,42656,5,57,0,1,1,0,0,
Columbiana,2008,108469,4,137,1,1,0,0,0,
Coshocton,2008,36953,2,16,1,1,0,0,0,
Crawford,2008,44291,2,61,1,0,0,0,0,
Cuyahoga,2008,1291479,111,1729,0,1,4,1,1,
Darke,2008,52909,2,20,1,1,0,0,0,
Defiance,2008,39250,0,17,0,1,0,0,0,
Delaware,2008,166652,6,70,0,0,1,0,1,
Erie,2008,77573,3,41,1,1,1,0,1,
Fairfield,2008,144029,3,195,1,1,1,1,1,
Fayette,2008,28896,1,28,1,1,1,0,0,
Franklin,2008,1141183,88,1645,0,1,2,1,1,
Fulton,2008,42780,1,20,0,0,1,0,1,
Gallia,2008,30997,2,68,1,0,0,0,0,
Geauga,2008,93583,5,52,0,0,0,0,1,
Greene,2008,160115,15,211,0,1,0,1,1,
Guernsey,2008,40347,0,32,1,1,2,0,0,
Hamilton,2008,799840,84,694,0,1,3,1,1,
Hancock,2008,74781,0,32,0,0,1,0,0,
Hardin,2008,32200,3,21,1,1,0,0,0,
Harrison,2008,15856,0,16,1,1,0,0,0,
Henry,2008,28523,0,11,0,0,0,0,0,
Highland,2008,43700,3,45,1,1,0,0,0,
Hocking,2008,29445,5,27,1,1,0,0,1,
Holmes,2008,42029,0,14,1,1,0,0,0,
Huron,2008,60121,4,68,1,0,0,0,0,
Jackson,2008,33164,3,74,1,1,0,0,0,
Jefferson,2008,69989,2,72,0,1,0,0,1,
Knox,2008,60348,4,61,1,1,0,0,0,
Lake,2008,229904,19,127,0,1,1,0,1,
Lawrence,2008,62640,6,152,1,1,0,0,1,
Licking,2008,163916,9,144,0,0,1,0,1,
Logan,2008,46115,3,45,1,1,0,0,0,
Lorain,2008,299814,10,255,0,1,2,1,1,
Lucas,2008,443909,32,379,0,1,2,1,1,
Madison,2008,43163,3,46,0,1,2,0,1,
Mahoning,2008,241572,25,373,0,1,2,1,1,
Marion,2008,66840,3,68,0,1,0,0,0,
Medina,2008,170330,10,99,0,1,2,0,1,
Meigs,2008,23534,0,39,1,1,0,0,0,
Mercer,2008,41022,0,17,1,0,0,0,0,
Miami,2008,102430,15,75,1,1,1,0,1,
Monroe,2008,14833,0,13,1,1,0,0,0,
Montgomery,2008,537664,69,1214,0,1,2,1,1,
Morgan,2008,15104,0,10,1,1,0,0,0,
Morrow,2008,34877,1,35,1,1,1,0,1,
Muskingum,2008,85874,6,33,1,1,1,0,0,
Noble,2008,14653,1,9,1,1,1,0,0,
Ottawa,2008,41554,0,18,1,1,1,0,0,
Paulding,2008,19670,0,7,1,1,0,0,0,
Perry,2008,36150,2,20,1,1,0,0,1,
Pickaway,2008,55376,2,61,1,1,0,0,1,
Pike,2008,28763,3,82,1,1,0,0,0,
Portage,2008,160184,4,123,0,1,2,0,1,
Preble,2008,42688,5,31,1,0,1,0,1,
Putnam,2008,34655,1,10,1,1,0,0,0,
Richland,2008,126128,5,111,0,1,1,0,0,
Ross,2008,77675,9,115,1,1,0,0,0,
Sandusky,2008,61184,3,31,1,1,1,0,0,
Scioto,2008,79133,12,382,1,1,0,1,0,
Seneca,2008,57199,0,26,1,0,0,0,0,
Shelby,2008,49454,4,26,1,0,1,0,0,
Stark,2008,377141,11,304,0,1,1,1,1,
Summit,2008,543116,21,932,0,1,3,1,1,
Trumbull,2008,212191,22,209,0,1,2,0,1,
Tuscarawas,2008,92634,2,47,1,1,1,0,0,
Union,2008,50856,3,49,1,1,0,0,1,
Van Wert,2008,29075,0,9,1,1,0,0,0,
Vinton,2008,13452,1,14,1,1,0,0,0,
Warren,2008,208640,12,136,0,1,2,1,1,
Washington,2008,62040,0,49,1,1,1,0,1,
Wayne,2008,114610,7,63,1,0,1,0,0,
Williams,2008,38297,3,16,0,0,1,0,0,
Wood,2008,125275,3,45,0,1,2,0,1,
Wyandot,2008,22642,0,12,1,0,0,0,0,
Adams,2009,28500,1,48,1,1,0,0,0,
Allen,2009,106518,2,34,1,1,1,0,1,
Ashland,2009,53305,4,63,0,0,1,0,0,
Ashtabula,2009,101584,4,108,1,1,1,0,0,
Athens,2009,64618,5,117,1,1,0,0,0,
Auglaize,2009,45996,1,16,1,0,1,0,0,
Belmont,2009,70439,2,65,1,1,1,0,1,
Brown,2009,44740,3,62,1,1,0,0,1,
Butler,2009,366633,53,374,0,1,1,0,1,
Carroll,2009,28917,2,22,1,1,0,0,1,
Champaign,2009,40265,1,63,1,0,0,0,0,
Clark,2009,138778,15,325,0,1,1,0,1,
Clermont,2009,196512,23,290,0,1,0,0,1,
Clinton,2009,42418,6,67,0,1,1,0,0,
Columbiana,2009,107948,0,181,1,1,0,0,0,
Coshocton,2009,36878,0,21,1,1,0,0,0,
Crawford,2009,43921,1,77,1,0,0,0,0,
Cuyahoga,2009,1285082,119,1567,0,1,4,1,1,
Darke,2009,52829,4,26,1,1,0,0,0,
Defiance,2009,39060,2,33,0,1,0,0,0,
Delaware,2009,170676,10,120,0,0,1,0,1,
Erie,2009,77085,4,58,1,1,1,0,1,
Fairfield,2009,145446,17,252,1,1,1,1,1,
Fayette,2009,28929,3,38,1,1,1,0,0,
Franklin,2009,1155408,120,1792,0,1,2,1,1,
Fulton,2009,42747,3,23,0,0,1,0,1,
Gallia,2009,30857,1,83,1,0,0,0,0,
Geauga,2009,93446,3,49,0,0,0,0,1,
Greene,2009,161075,7,246,0,1,0,1,1,
Guernsey,2009,40242,2,46,1,1,2,0,0,
Hamilton,2009,802149,72,757,0,1,3,1,1,
Hancock,2009,74964,3,45,0,0,1,0,0,
Hardin,2009,32185,3,33,1,1,0,0,0,
Harrison,2009,15860,0,14,1,1,0,0,0,
Henry,2009,28322,0,14,0,0,0,0,0,
Highland,2009,43578,5,76,1,1,0,0,0,
Hocking,2009,29358,2,41,1,1,0,0,1,
Holmes,2009,42275,0,19,1,1,0,0,0,
Huron,2009,59754,6,71,1,0,0,0,0,
Jackson,2009,33115,5,126,1,1,0,0,0,
Jefferson,2009,69833,1,71,0,1,0,0,1,
Knox,2009,60633,6,95,1,1,0,0,0,
Lake,2009,229954,18,159,0,1,1,0,1,
Lawrence,2009,62667,6,194,1,1,0,0,1,
Licking,2009,165283,7,181,0,0,1,0,1,
Logan,2009,46055,3,65,1,1,0,0,0,
Lorain,2009,300893,9,265,0,1,2,1,1,
Lucas,2009,442603,35,471,0,1,2,1,1,
Madison,2009,43353,3,49,0,1,2,0,1,
Mahoning,2009,240050,21,436,0,1,2,1,1,
Marion,2009,66497,7,107,0,1,0,0,0,
Medina,2009,171688,7,113,0,1,2,0,1,
Meigs,2009,23770,0,48,1,1,0,0,0,
Mercer,2009,40855,2,22,1,0,0,0,0,
Miami,2009,102526,8,88,1,1,1,0,1,
Monroe,2009,14742,0,17,1,1,0,0,0,
Montgomery,2009,535294,60,1463,0,1,2,1,1,
Morgan,2009,15073,0,13,1,1,0,0,0,
Morrow,2009,34907,4,51,1,1,1,0,1,
Muskingum,2009,85779,5,42,1,1,1,0,0,
Noble,2009,14649,1,12,1,1,1,0,0,
Ottawa,2009,41498,3,29,1,1,1,0,0,
Paulding,2009,19659,2,10,1,1,0,0,0,
Perry,2009,35996,1,31,1,1,0,0,1,
Pickaway,2009,55323,6,93,1,1,0,0,1,
Pike,2009,28679,4,96,1,1,0,0,0,
Portage,2009,161226,5,154,0,1,2,0,1,
Preble,2009,42424,1,31,1,0,1,0,1,
Putnam,2009,34583,0,12,1,1,0,0,0,
Richland,2009,125308,12,107,0,1,1,0,0,
Ross,2009,77862,16,159,1,1,0,0,0,
Sandusky,2009,61039,1,33,1,1,1,0,0,
Scioto,2009,79241,10,528,1,1,0,1,0,
Seneca,2009,56897,3,38,1,0,0,0,0,
Shelby,2009,49540,3,36,1,0,1,0,0,
Stark,2009,376210,7,362,0,1,1,1,1,
Summit,2009,542135,30,992,0,1,3,1,1,
Trumbull,2009,211290,23,209,0,1,2,0,1,
Tuscarawas,2009,92584,2,59,1,1,1,0,0,
Union,2009,51798,3,79,1,1,0,0,1,
Van Wert,2009,28849,1,13,1,1,0,0,0,
Vinton,2009,13474,4,27,1,1,0,0,0,
Warren,2009,211231,17,153,0,1,2,1,1,
Washington,2009,61968,2,73,1,1,1,0,1,
Wayne,2009,114588,3,92,1,0,1,0,0,
Williams,2009,37950,2,21,0,0,1,0,0,
Wood,2009,125384,11,71,0,1,2,0,1,
Wyandot,2009,22644,2,17,1,0,0,0,0,
Adams,2010,28530,1,54,1,1,0,0,0,114.10
Allen,2010,106342,2,48,1,1,1,0,1,55.80
Ashland,2010,53317,4,74,0,0,1,0,0,44.20
Ashtabula,2010,101411,4,148,1,1,1,0,0,77.00
Athens,2010,65175,3,184,1,1,0,0,0,69.10
Auglaize,2010,45914,2,18,1,0,1,0,0,51.90
Belmont,2010,70337,4,79,1,1,1,0,1,81.20
Brown,2010,44868,5,87,1,1,0,0,1,88.00
Butler,2010,369111,44,407,0,1,1,0,1,79.00
Carroll,2010,28859,0,26,1,1,0,0,1,49.60
Champaign,2010,40078,7,69,1,0,0,0,0,71.90
Clark,2010,138272,15,346,0,1,1,0,1,83.50
Clermont,2010,197613,46,444,0,1,0,0,1,78.00
Clinton,2010,41922,1,78,0,1,1,0,0,94.80
Columbiana,2010,107889,2,249,1,1,0,0,0,69.00
Coshocton,2010,36938,1,30,1,1,0,0,0,59.30
Crawford,2010,43754,2,110,1,0,0,0,0,78.30
Cuyahoga,2010,1278103,134,1606,0,1,4,1,1,51.20
Darke,2010,52964,2,30,1,1,0,0,0,44.80
Defiance,2010,39083,1,56,0,1,0,0,0,47.90
Delaware,2010,175114,12,168,0,0,1,0,1,43.30
Erie,2010,76977,2,70,1,1,1,0,1,77.50
Fairfield,2010,146408,17,273,1,1,1,1,1,67.10
Fayette,2010,29016,1,40,1,1,1,0,0,75.30
Franklin,2010,1166218,168,2077,0,1,2,1,1,69.30
Fulton,2010,42630,5,41,0,0,1,0,1,58.90
Gallia,2010,31066,1,102,1,0,0,0,0,123.50
Geauga,2010,93381,6,60,0,0,0,0,1,42.00
Greene,2010,161599,8,271,0,1,0,1,1,51.80
Guernsey,2010,40152,5,70,1,1,2,0,0,96.10
Hamilton,2010,802295,95,926,0,1,3,1,1,62.00
Hancock,2010,74698,2,51,0,0,1,0,0,45.20
Hardin,2010,32126,7,60,1,1,0,0,0,69.70
Harrison,2010,15816,0,18,1,1,0,0,0,82.00
Henry,2010,28170,1,25,0,0,0,0,0,49.00
Highland,2010,43619,7,94,1,1,0,0,0,91.90
Hocking,2010,29483,2,48,1,1,0,0,1,95.80
Holmes,2010,42471,0,22,1,1,0,0,0,18.60
Huron,2010,59566,4,88,1,0,0,0,0,89.30
Jackson,2010,33249,5,179,1,1,0,0,0,133.00
Jefferson,2010,69669,2,61,0,1,0,0,1,100.10
Knox,2010,61087,8,119,1,1,0,0,0,68.50
Lake,2010,230010,34,184,0,1,1,0,1,61.70
Lawrence,2010,62428,7,229,1,1,0,0,1,84.80
Licking,2010,166725,11,243,0,0,1,0,1,60.10
Logan,2010,45743,4,77,1,1,0,0,0,77.20
Lorain,2010,301479,13,317,0,1,2,1,1,58.80
Lucas,2010,441447,35,590,0,1,2,1,1,73.60
Madison,2010,43434,9,73,0,1,2,0,1,86.50
Mahoning,2010,238315,35,531,0,1,2,1,1,77.90
Marion,2010,66459,7,134,0,1,0,0,0,77.40
Medina,2010,172503,8,136,0,1,2,0,1,52.30
Meigs,2010,23732,1,62,1,1,0,0,0,92.90
Mercer,2010,40791,1,33,1,0,0,0,0,38.60
Miami,2010,102487,8,96,1,1,1,0,1,57.40
Monroe,2010,14609,2,21,1,1,0,0,0,55.70
Montgomery,2010,535620,46,1653,0,1,2,1,1,78.80
Morgan,2010,15033,1,14,1,1,0,0,0,74.50
Morrow,2010,34790,3,62,1,1,1,0,1,59.10
Muskingum,2010,86213,2,70,1,1,1,0,0,94.00
Noble,2010,14660,0,14,1,1,1,0,0,59.60
Ottawa,2010,41359,0,34,1,1,1,0,0,64.50
Paulding,2010,19558,1,13,1,1,0,0,0,50.60
Perry,2010,36037,2,45,1,1,0,0,1,112.10
Pickaway,2010,55737,6,125,1,1,0,0,1,93.70
Pike,2010,28606,1,115,1,1,0,0,0,96.00
Portage,2010,161397,11,172,0,1,2,0,1,63.80
Preble,2010,42172,2,46,1,0,1,0,1,77.30
Putnam,2010,34476,1,14,1,1,0,0,0,43.70
Richland,2010,124156,12,170,0,1,1,0,0,63.90
Ross,2010,78102,16,202,1,1,0,0,0,107.00
Sandusky,2010,60886,1,34,1,1,1,0,0,55.20
Scioto,2010,79672,9,555,1,1,0,1,0,121.90
Seneca,2010,56619,0,49,1,0,0,0,0,60.30
Shelby,2010,49347,3,40,1,0,1,0,0,54.00
Stark,2010,375348,27,463,0,1,1,1,1,72.10
Summit,2010,541659,42,1155,0,1,3,1,1,71.60
Trumbull,2010,209838,32,298,0,1,2,0,1,88.90
Tuscarawas,2010,92545,4,79,1,1,1,0,0,62.10
Union,2010,52462,11,79,1,1,0,0,1,55.20
Van Wert,2010,28679,3,18,1,1,0,0,0,48.80
Vinton,2010,13405,1,41,1,1,0,0,0,115.80
Warren,2010,213445,19,201,0,1,2,1,1,54.10
Washington,2010,61714,2,58,1,1,1,0,1,81.00
Wayne,2010,114409,3,132,1,0,1,0,0,57.60
Williams,2010,37510,3,35,0,0,1,0,0,44.00
Wood,2010,125956,5,86,0,1,2,0,1,47.10
Wyandot,2010,22587,0,17,1,0,0,0,0,45.50
Adams,2011,28454,0,69,1,1,0,0,0,116.60
Allen,2011,105981,5,58,1,1,1,0,1,58.10
Ashland,2011,53255,4,85,0,0,1,0,0,45.60
Ashtabula,2011,101100,3,186,1,1,1,0,0,78.40
Athens,2011,65092,12,231,1,1,0,0,0,72.20
Auglaize,2011,45758,3,21,1,0,1,0,0,52.70
Belmont,2011,70132,1,105,1,1,1,0,1,76.80
Brown,2011,44632,6,128,1,1,0,0,1,107.50
Butler,2011,370164,55,522,0,1,1,0,1,79.90
Carroll,2011,28832,0,29,1,1,0,0,1,49.30
Champaign,2011,39828,6,73,1,0,0,0,0,73.20
Clark,2011,137823,35,290,0,1,1,0,1,81.50
Clermont,2011,198886,43,548,0,1,0,0,1,81.10
Clinton,2011,41919,2,92,0,1,1,0,0,97.20
Columbiana,2011,107437,3,312,1,1,0,0,0,70.30
Coshocton,2011,36930,1,30,1,1,0,0,0,61.50
Crawford,2011,43310,2,113,1,0,0,0,0,76.80
Cuyahoga,2011,1270424,186,2117,0,1,4,1,1,52.20
Darke,2011,52657,3,43,1,1,0,0,0,44.00
Defiance,2011,39015,5,69,0,1,0,0,0,49.10
Delaware,2011,178584,10,189,0,0,1,0,1,43.80
Erie,2011,76691,3,93,1,1,1,0,1,78.40
Fairfield,2011,147180,10,301,1,1,1,1,1,64.50
Fayette,2011,28870,3,53,1,1,1,0,0,71.50
Franklin,2011,1180917,186,2188,0,1,2,1,1,68.30
Fulton,2011,42363,1,59,0,0,1,0,1,63.90
Gallia,2011,31023,3,136,1,0,0,0,0,117.00
Geauga,2011,93287,12,68,0,0,0,0,1,42.20
Greene,2011,163600,9,311,0,1,0,1,1,53.70
Guernsey,2011,39915,1,69,1,1,2,0,0,96.90
Hamilton,2011,800746,129,1101,0,1,3,1,1,63.00
Hancock,2011,74926,3,83,0,0,1,0,0,45.80
Hardin,2011,31805,4,42,1,1,0,0,0,69.70
Harrison,2011,15784,2,19,1,1,0,0,0,84.40
Henry,2011,27999,0,34,0,0,0,0,0,50.70
Highland,2011,43376,5,131,1,1,0,0,0,91.30
Hocking,2011,29471,7,59,1,1,0,0,1,93.10
Holmes,2011,42795,1,21,1,1,0,0,0,21.10
Huron,2011,59428,6,102,1,0,0,0,0,91.00
Jackson,2011,33126,8,177,1,1,0,0,0,123.60
Jefferson,2011,69046,6,110,0,1,0,0,1,98.80
Knox,2011,61290,9,138,1,1,0,0,0,67.70
Lake,2011,229991,39,228,0,1,1,0,1,64.80
Lawrence,2011,62432,16,292,1,1,0,0,1,78.20
Licking,2011,167195,9,295,0,0,1,0,1,60.80
Logan,2011,45625,3,83,1,1,0,0,0,74.40
Lorain,2011,301899,12,386,0,1,2,1,1,61.60
Lucas,2011,439409,27,648,0,1,2,1,1,71.30
Madison,2011,43120,1,96,0,1,2,0,1,84.40
Mahoning,2011,237304,41,613,0,1,2,1,1,78.30
Marion,2011,66614,10,160,0,1,0,0,0,76.60
Medina,2011,173514,16,165,0,1,2,0,1,54.60
Meigs,2011,23650,5,94,1,1,0,0,0,92.20
Mercer,2011,40720,2,58,1,0,0,0,0,36.70
Miami,2011,102742,2,123,1,1,1,0,1,57.40
Monroe,2011,14618,0,23,1,1,0,0,0,55.30
Montgomery,2011,534638,56,1760,0,1,2,1,1,77.60
Morgan,2011,15036,1,16,1,1,0,0,0,80.00
Morrow,2011,34813,2,76,1,1,1,0,1,61.60
Muskingum,2011,86252,2,83,1,1,1,0,0,95.20
Noble,2011,14754,0,21,1,1,1,0,0,55.50
Ottawa,2011,41323,0,39,1,1,1,0,0,66.70
Paulding,2011,19369,0,19,1,1,0,0,0,55.90
Perry,2011,36229,4,57,1,1,0,0,1,107.00
Pickaway,2011,55946,11,147,1,1,0,0,1,89.00
Pike,2011,28471,5,139,1,1,0,0,0,90.90
Portage,2011,161894,4,219,0,1,2,0,1,66.10
Preble,2011,41989,1,88,1,0,1,0,1,75.10
Putnam,2011,34386,0,15,1,1,0,0,0,45.80
Richland,2011,123151,14,210,0,1,1,0,0,62.80
Ross,2011,77594,17,337,1,1,0,0,0,104.00
Sandusky,2011,60609,1,46,1,1,1,0,0,58.10
Scioto,2011,79425,10,630,1,1,0,1,0,105.30
Seneca,2011,56526,6,43,1,0,0,0,0,61.30
Shelby,2011,49256,6,53,1,0,1,0,0,54.20
Stark,2011,374512,35,547,0,1,1,1,1,73.30
Summit,2011,541368,34,1259,0,1,3,1,1,72.20
Trumbull,2011,208866,38,485,0,1,2,0,1,92.30
Tuscarawas,2011,92491,12,79,1,1,1,0,0,65.60
Union,2011,53101,1,87,1,1,0,0,1,55.50
Van Wert,2011,28628,5,26,1,1,0,0,0,49.10
Vinton,2011,13380,1,49,1,1,0,0,0,110.80
Warren,2011,215377,14,271,0,1,2,1,1,55.10
Washington,2011,61617,2,92,1,1,1,0,1,83.40
Wayne,2011,114670,9,165,1,0,1,0,0,59.00
Williams,2011,37587,1,55,0,0,1,0,0,46.90
Wood,2011,127150,2,96,0,1,2,0,1,48.00
Wyandot,2011,22643,0,19,1,0,0,0,0,49.80
Adams,2012,28288,4,104,1,1,0,0,0,111.10
Allen,2012,105251,10,71,1,1,1,0,1,59.70
Ashland,2012,53245,1,107,0,0,1,0,0,45.60
Ashtabula,2012,100274,14,232,1,1,1,0,0,78.90
Athens,2012,64633,7,240,1,1,0,0,0,78.30
Auglaize,2012,45787,4,29,1,0,1,0,0,57.10
Belmont,2012,69728,6,133,1,1,1,0,1,78.50
Brown,2012,44289,6,153,1,1,0,0,1,90.30
Butler,2012,370628,46,572,0,1,1,0,1,79.40
Carroll,2012,28551,3,37,1,1,0,0,1,47.50
Champaign,2012,39579,5,86,1,0,0,0,0,74.60
Clark,2012,137198,32,356,0,1,1,0,1,79.00
Clermont,2012,199526,54,664,0,1,0,0,1,79.20
Clinton,2012,41829,8,142,0,1,1,0,0,96.00
Columbiana,2012,106652,9,380,1,1,0,0,0,70.90
Coshocton,2012,36821,1,31,1,1,0,0,0,67.60
Crawford,2012,42774,3,142,1,0,0,0,0,75.00
Cuyahoga,2012,1266271,191,2062,0,1,4,1,1,52.90
Darke,2012,52524,8,52,1,1,0,0,0,45.50
Defiance,2012,38845,2,70,0,1,0,0,0,54.00
Delaware,2012,181234,13,234,0,0,1,0,1,45.20
Erie,2012,76440,3,155,1,1,1,0,1,77.40
Fairfield,2012,147314,15,361,1,1,1,1,1,66.70
Fayette,2012,28770,1,71,1,1,1,0,0,72.50
Franklin,2012,1199257,170,2610,0,1,2,1,1,68.20
Fulton,2012,42330,5,69,0,0,1,0,1,67.50
Gallia,2012,30881,2,149,1,0,0,0,0,115.10
Geauga,2012,93770,8,74,0,0,0,0,1,44.30
Greene,2012,164403,8,373,0,1,0,1,1,55.30
Guernsey,2012,39886,3,86,1,1,2,0,0,102.50
Hamilton,2012,802564,139,1274,0,1,3,1,1,63.10
Hancock,2012,75478,4,99,0,0,1,0,0,46.10
Hardin,2012,31630,1,66,1,1,0,0,0,69.50
Harrison,2012,15679,0,22,1,1,0,0,0,88.00
Henry,2012,27826,0,44,0,0,0,0,0,54.20
Highland,2012,42966,3,168,1,1,0,0,0,93.70
Hocking,2012,29310,2,55,1,1,0,0,1,99.00
Holmes,2012,43130,0,23,1,1,0,0,0,21.70
Huron,2012,59220,7,111,1,0,0,0,0,91.70
Jackson,2012,32869,6,228,1,1,0,0,0,125.50
Jefferson,2012,68557,3,181,0,1,0,0,1,97.80
Knox,2012,60781,4,156,1,1,0,0,0,66.50
Lake,2012,229572,42,277,0,1,1,0,1,66.70
Lawrence,2012,62177,9,363,1,1,0,0,1,75.60
Licking,2012,167636,7,347,0,0,1,0,1,63.80
Logan,2012,45412,4,96,1,1,0,0,0,79.10
Lorain,2012,301757,41,462,0,1,2,1,1,62.80
Lucas,2012,436846,60,919,0,1,2,1,1,72.30
Madison,2012,42996,6,110,0,1,2,0,1,85.50
Mahoning,2012,235689,40,719,0,1,2,1,1,81.10
Marion,2012,66301,17,259,0,1,0,0,0,78.10
Medina,2012,173648,15,179,0,1,2,0,1,55.90
Meigs,2012,23575,0,96,1,1,0,0,0,89.80
Mercer,2012,40710,0,67,1,0,0,0,0,39.30
Miami,2012,102947,6,127,1,1,1,0,1,63.50
Monroe,2012,14509,1,22,1,1,0,0,0,58.10
Montgomery,2012,534464,74,1914,0,1,2,1,1,79.00
Morgan,2012,14929,0,18,1,1,0,0,0,83.10
Morrow,2012,34839,1,92,1,1,1,0,1,63.90
Muskingum,2012,85803,7,80,1,1,1,0,0,95.70
Noble,2012,14676,0,38,1,1,1,0,0,60.20
Ottawa,2012,41246,1,45,1,1,1,0,0,68.60
Paulding,2012,19245,0,22,1,1,0,0,0,60.20
Perry,2012,35983,3,51,1,1,0,0,1,111.50
Pickaway,2012,56235,9,200,1,1,0,0,1,88.60
Pike,2012,28365,3,145,1,1,0,0,0,95.40
Portage,2012,161418,8,294,0,1,2,0,1,67.30
Preble,2012,41821,2,83,1,0,1,0,1,75.70
Putnam,2012,34207,1,22,1,1,0,0,0,47.50
Richland,2012,122645,8,214,0,1,1,0,0,62.10
Ross,2012,77359,11,420,1,1,0,0,0,105.20
Sandusky,2012,60467,3,69,1,1,1,0,0,59.50
Scioto,2012,78808,6,629,1,1,0,1,0,101.30
Seneca,2012,56117,3,55,1,0,0,0,0,64.90
Shelby,2012,49158,2,51,1,0,1,0,0,55.50
Stark,2012,374914,35,661,0,1,1,1,1,73.30
Summit,2012,540806,60,1299,0,1,3,1,1,72.90
Trumbull,2012,207245,19,542,0,1,2,0,1,94.10
Tuscarawas,2012,92426,4,90,1,1,1,0,0,70.50
Union,2012,52798,1,81,1,1,0,0,1,56.30
Van Wert,2012,28642,1,28,1,1,0,0,0,52.40
Vinton,2012,13223,2,53,1,1,0,0,0,113.50
Warren,2012,217293,17,320,0,1,2,1,1,56.60
Washington,2012,61472,2,120,1,1,1,0,1,89.80
Wayne,2012,115058,6,215,1,0,1,0,0,62.00
Williams,2012,37531,0,51,0,0,1,0,0,52.90
Wood,2012,128471,3,129,0,1,2,0,1,51.10
Wyandot,2012,22544,1,22,1,0,0,0,0,50.60
Adams,2013,28085,5,118,1,1,0,0,0,107.10
Allen,2013,105071,12,104,1,1,1,0,1,60.40
Ashland,2013,53163,3,102,0,0,1,0,0,46.80
Ashtabula,2013,99779,11,242,1,1,1,0,0,76.90
Athens,2013,64628,8,244,1,1,0,0,0,78.90
Auglaize,2013,45820,3,33,1,0,1,0,0,58.90
Belmont,2013,69593,1,166,1,1,1,0,1,75.30
Brown,2013,44125,12,190,1,1,0,0,1,82.90
Butler,2013,371497,93,743,0,1,1,0,1,76.40
Carroll,2013,28272,2,41,1,1,0,0,1,47.20
Champaign,2013,39468,6,93,1,0,0,0,0,72.10
Clark,2013,136682,28,471,0,1,1,0,1,80.20
Clermont,2013,200504,61,803,0,1,0,0,1,75.60
Clinton,2013,41879,9,149,0,1,1,0,0,91.70
Columbiana,2013,106007,6,426,1,1,0,0,0,72.80
Coshocton,2013,36721,3,34,1,1,0,0,0,66.50
Crawford,2013,42715,4,232,1,0,0,0,0,73.70
Cuyahoga,2013,1265698,223,2373,0,1,4,1,1,52.00
Darke,2013,52321,6,59,1,1,0,0,0,46.00
Defiance,2013,38587,2,84,0,1,0,0,0,55.30
Delaware,2013,185545,13,284,0,0,1,0,1,43.60
Erie,2013,76071,4,153,1,1,1,0,1,76.80
Fairfield,2013,148820,15,375,1,1,1,1,1,66.70
Fayette,2013,28690,2,107,1,1,1,0,0,70.80
Franklin,2013,1219186,156,3001,0,1,2,1,1,64.90
Fulton,2013,42199,1,73,0,0,1,0,1,68.10
Gallia,2013,30684,5,206,1,0,0,0,0,99.10
Geauga,2013,93847,11,93,0,0,0,0,1,42.60
Greene,2013,164004,13,469,0,1,0,1,1,54.50
Guernsey,2013,39716,5,104,1,1,2,0,0,100.60
Hamilton,2013,805408,197,1560,0,1,3,1,1,61.00
Hancock,2013,75612,3,124,0,0,1,0,0,46.80
Hardin,2013,31743,9,88,1,1,0,0,0,68.50
Harrison,2013,15598,2,23,1,1,0,0,0,84.70
Henry,2013,27831,1,56,0,0,0,0,0,54.90
Highland,2013,43200,8,189,1,1,0,0,0,88.60
Hocking,2013,28660,7,61,1,1,0,0,1,99.60
Holmes,2013,43607,1,25,1,1,0,0,0,22.40
Huron,2013,58840,13,135,1,0,0,0,0,91.80
Jackson,2013,32807,9,218,1,1,0,0,0,124.90
Jefferson,2013,68200,4,189,0,1,0,0,1,99.10
Knox,2013,60882,7,171,1,1,0,0,0,65.60
Lake,2013,230085,39,312,0,1,1,0,1,64.80
Lawrence,2013,61908,8,444,1,1,0,0,1,71.90
Licking,2013,168532,18,398,0,0,1,0,1,63.30
Logan,2013,45399,6,109,1,1,0,0,0,78.60
Lorain,2013,303159,64,573,0,1,2,1,1,62.90
Lucas,2013,436269,52,1027,0,1,2,1,1,72.40
Madison,2013,43263,9,119,0,1,2,0,1,81.20
Mahoning,2013,234431,38,784,0,1,2,1,1,81.30
Marion,2013,65996,17,302,0,1,0,0,0,80.50
Medina,2013,174672,15,194,0,1,2,0,1,55.20
Meigs,2013,23448,5,111,1,1,0,0,0,82.30
Mercer,2013,40623,2,72,1,0,0,0,0,39.10
Miami,2013,103228,7,171,1,1,1,0,1,63.50
Monroe,2013,14514,0,35,1,1,0,0,0,58.00
Montgomery,2013,534448,85,2239,0,1,2,1,1,78.40
Morgan,2013,14893,2,33,1,1,0,0,0,85.30
Morrow,2013,34851,7,128,1,1,1,0,1,65.70
Muskingum,2013,85660,5,126,1,1,1,0,0,94.40
Noble,2013,14678,0,47,1,1,1,0,0,60.80
Ottawa,2013,41041,3,52,1,1,1,0,0,69.70
Paulding,2013,19138,0,22,1,1,0,0,0,59.20
Perry,2013,36000,0,76,1,1,0,0,1,110.60
Pickaway,2013,56352,7,211,1,1,0,0,1,85.70
Pike,2013,28266,6,148,1,1,0,0,0,96.80
Portage,2013,161746,13,348,0,1,2,0,1,65.20
Preble,2013,41685,4,94,1,0,1,0,1,72.80
Putnam,2013,34122,2,25,1,1,0,0,0,45.80
Richland,2013,122339,23,268,0,1,1,0,0,61.50
Ross,2013,77299,13,489,1,1,0,0,0,101.10
Sandusky,2013,60052,3,76,1,1,1,0,0,58.30
Scioto,2013,78333,10,733,1,1,0,1,0,99.00
Seneca,2013,55860,7,78,1,0,0,0,0,68.90
Shelby,2013,49202,4,64,1,0,1,0,0,52.80
Stark,2013,375152,40,781,0,1,1,1,1,73.70
Summit,2013,542032,56,1618,0,1,3,1,1,70.20
Trumbull,2013,206405,30,614,0,1,2,0,1,93.20
Tuscarawas,2013,92625,5,100,1,1,1,0,0,70.00
Union,2013,53440,3,86,1,1,0,0,1,56.40
Van Wert,2013,28357,4,39,1,1,0,0,0,51.10
Vinton,2013,13305,1,49,1,1,0,0,0,112.70
Warren,2013,219298,19,356,0,1,2,1,1,55.90
Washington,2013,61401,3,144,1,1,1,0,1,90.20
Wayne,2013,115438,2,250,1,0,1,0,0,60.70
Williams,2013,37446,4,81,0,0,1,0,0,53.90
Wood,2013,129073,4,150,0,1,2,0,1,51.80
Wyandot,2013,22463,0,24,1,0,0,0,0,51.10
Adams,2014,28060,10,173,1,1,0,0,0,105.40
Allen,2014,104886,7,194,1,1,1,0,1,58.40
Ashland,2014,53169,5,114,0,0,1,0,0,45.60
Ashtabula,2014,99064,20,365,1,1,1,0,0,72.50
Athens,2014,64833,7,348,1,1,0,0,0,76.70
Auglaize,2014,45756,2,45,1,0,1,0,0,59.00
Belmont,2014,69403,5,205,1,1,1,0,1,71.60
Brown,2014,43950,10,217,1,1,0,0,1,81.40
Butler,2014,373877,139,1044,0,1,1,0,1,72.80
Carroll,2014,28144,3,38,1,1,0,0,1,47.80
Champaign,2014,39089,9,118,1,0,0,0,0,71.30
Clark,2014,136364,34,543,0,1,1,0,1,79.00
Clermont,2014,201516,75,781,0,1,0,0,1,71.00
Clinton,2014,41824,6,203,0,1,1,0,0,85.10
Columbiana,2014,105681,10,462,1,1,0,0,0,71.20
Coshocton,2014,36530,1,32,1,1,0,0,0,65.80
Crawford,2014,42406,8,264,1,0,0,0,0,75.20
Cuyahoga,2014,1263498,234,2601,0,1,4,1,1,49.50
Darke,2014,52203,9,71,1,1,0,0,0,45.10
Defiance,2014,38547,4,103,0,1,0,0,0,55.60
Delaware,2014,189649,11,289,0,0,1,0,1,42.50
Erie,2014,75833,11,231,1,1,1,0,1,76.40
Fairfield,2014,150400,12,414,1,1,1,1,1,67.30
Fayette,2014,28652,9,119,1,1,1,0,0,70.00
Franklin,2014,1238758,177,3294,0,1,2,1,1,61.10
Fulton,2014,42401,5,65,0,0,1,0,1,67.10
Gallia,2014,30467,2,296,1,0,0,0,0,98.60
Geauga,2014,93981,11,106,0,0,0,0,1,40.20
Greene,2014,164796,22,594,0,1,0,1,1,52.20
Guernsey,2014,39699,10,141,1,1,2,0,0,91.60
Hamilton,2014,807922,229,1933,0,1,3,1,1,57.90
Hancock,2014,75324,10,162,0,0,1,0,0,45.20
Hardin,2014,31780,1,128,1,1,0,0,0,65.00
Harrison,2014,15517,4,23,1,1,0,0,0,81.80
Henry,2014,27605,1,54,0,0,0,0,0,55.30
Highland,2014,43102,10,225,1,1,0,0,0,86.90
Hocking,2014,28749,4,68,1,1,0,0,1,100.50
Holmes,2014,43791,0,22,1,1,0,0,0,23.40
Huron,2014,58626,14,151,1,0,0,0,0,90.70
Jackson,2014,32772,9,299,1,1,0,0,0,122.70
Jefferson,2014,67916,7,246,0,1,0,0,1,96.90
Knox,2014,61035,7,216,1,1,0,0,0,64.90
Lake,2014,229865,46,400,0,1,1,0,1,60.90
Lawrence,2014,61599,6,847,1,1,0,0,1,68.00
Licking,2014,169506,18,431,0,0,1,0,1,60.40
Logan,2014,45477,5,129,1,1,0,0,0,76.40
Lorain,2014,304551,60,683,0,1,2,1,1,61.00
Lucas,2014,434736,93,1028,0,1,2,1,1,70.90
Madison,2014,43988,6,140,0,1,2,0,1,79.80
Mahoning,2014,233472,45,845,0,1,2,1,1,75.50
Marion,2014,65822,23,446,0,1,0,0,0,79.30
Medina,2014,175898,16,183,0,1,2,0,1,52.00
Meigs,2014,23285,4,161,1,1,0,0,0,81.30
Mercer,2014,40739,4,109,1,0,0,0,0,38.70
Miami,2014,103876,16,187,1,1,1,0,1,62.90
Monroe,2014,14368,2,34,1,1,0,0,0,56.60
Montgomery,2014,532708,155,2563,0,1,2,1,1,76.10
Morgan,2014,14731,0,26,1,1,0,0,0,76.50
Morrow,2014,34941,8,137,1,1,1,0,1,63.80
Muskingum,2014,85918,2,149,1,1,1,0,0,91.70
Noble,2014,14532,0,47,1,1,1,0,0,53.00
Ottawa,2014,40906,3,75,1,1,1,0,0,67.20
Paulding,2014,18970,3,24,1,1,0,0,0,56.70
Perry,2014,35926,3,88,1,1,0,0,1,104.30
Pickaway,2014,56703,5,248,1,1,0,0,1,83.80
Pike,2014,28176,4,244,1,1,0,0,0,102.00
Portage,2014,162520,30,375,0,1,2,0,1,62.50
Preble,2014,41509,6,114,1,0,1,0,1,72.00
Putnam,2014,34194,3,25,1,1,0,0,0,44.10
Richland,2014,122030,26,474,0,1,1,0,0,60.20
Ross,2014,77116,26,666,1,1,0,0,0,100.00
Sandusky,2014,59830,8,95,1,1,1,0,0,56.70
Scioto,2014,77509,12,1406,1,1,0,1,0,99.70
Seneca,2014,55819,10,103,1,0,0,0,0,66.50
Shelby,2014,49001,6,96,1,0,1,0,0,52.10
Stark,2014,375608,57,930,0,1,1,1,1,73.00
Summit,2014,542572,105,1732,0,1,3,1,1,67.90
Trumbull,2014,205071,50,793,0,1,2,0,1,92.90
Tuscarawas,2014,92682,4,113,1,1,1,0,0,69.40
Union,2014,53782,5,113,1,1,0,0,1,55.10
Van Wert,2014,28343,4,48,1,1,0,0,0,48.10
Vinton,2014,13210,3,67,1,1,0,0,0,112.80
Warren,2014,221429,28,376,0,1,2,1,1,53.00
Washington,2014,61204,9,155,1,1,1,0,1,86.90
Wayne,2014,115957,8,308,1,0,1,0,0,58.10
Williams,2014,37222,2,93,0,0,1,0,0,53.30
Wood,2014,129410,12,199,0,1,2,0,1,51.20
Wyandot,2014,22287,0,34,1,0,0,0,0,50.30
Adams,2015,27919,9,175,1,1,0,0,0,100.50
Allen,2015,104141,17,280,1,1,1,0,1,53.50
Ashland,2015,53317,6,158,0,0,1,0,0,42.30
Ashtabula,2015,98443,14,522,1,1,1,0,0,62.10
Athens,2015,65949,7,392,1,1,0,0,0,74.60
Auglaize,2015,45754,7,72,1,0,1,0,0,55.80
Belmont,2015,69018,10,263,1,1,1,0,1,64.70
Brown,2015,43717,24,292,1,1,0,0,1,77.00
Butler,2015,376173,182,1692,0,1,1,0,1,68.30
Carroll,2015,27729,4,41,1,1,0,0,1,45.50
Champaign,2015,38976,6,114,1,0,0,0,0,69.00
Clark,2015,135810,68,748,0,1,1,0,1,78.70
Clermont,2015,202077,100,963,0,1,0,0,1,66.90
Clinton,2015,41864,19,241,0,1,1,0,0,81.20
Columbiana,2015,104788,8,509,1,1,0,0,0,66.20
Coshocton,2015,36579,3,62,1,1,0,0,0,62.20
Crawford,2015,42327,10,388,1,0,0,0,0,72.50
Cuyahoga,2015,1259109,243,3054,0,1,4,1,1,45.70
Darke,2015,52002,13,76,1,1,0,0,0,45.20
Defiance,2015,38349,8,115,0,1,0,0,0,50.10
Delaware,2015,193624,12,344,0,0,1,0,1,40.90
Erie,2015,75388,19,275,1,1,1,0,1,71.90
Fairfield,2015,151310,16,521,1,1,1,1,1,63.00
Fayette,2015,28617,13,198,1,1,1,0,0,66.90
Franklin,2015,1257891,235,3678,0,1,2,1,1,57.50
Fulton,2015,42299,6,84,0,0,1,0,1,61.90
Gallia,2015,30258,7,361,1,0,0,0,0,87.80
Geauga,2015,93899,15,120,0,0,0,0,1,37.90
Greene,2015,164421,37,621,0,1,0,1,1,48.30
Guernsey,2015,39402,7,186,1,1,2,0,0,83.00
Hamilton,2015,809902,319,2530,0,1,3,1,1,54.50
Hancock,2015,75726,11,265,0,0,1,0,0,41.50
Hardin,2015,31615,8,173,1,1,0,0,0,60.00
Harrison,2015,15396,3,37,1,1,0,0,0,78.00
Henry,2015,27490,6,64,0,0,0,0,0,51.00
Highland,2015,42973,12,247,1,1,0,0,0,79.20
Hocking,2015,28502,3,95,1,1,0,0,1,96.10
Holmes,2015,43885,0,31,1,1,0,0,0,21.70
Huron,2015,58325,8,216,1,0,0,0,0,82.20
Jackson,2015,32575,8,354,1,1,0,0,0,107.60
Jefferson,2015,67546,13,337,0,1,0,0,1,88.00
Knox,2015,61045,9,254,1,1,0,0,0,59.40
Lake,2015,229843,48,540,0,1,1,0,1,56.30
Lawrence,2015,60990,23,921,1,1,0,0,1,61.70
Licking,2015,170721,20,461,0,0,1,0,1,58.20
Logan,2015,45255,8,135,1,1,0,0,0,70.60
Lorain,2015,305533,62,951,0,1,2,1,1,56.60
Lucas,2015,433826,97,1959,0,1,2,1,1,66.20
Madison,2015,44149,7,131,0,1,2,0,1,81.30
Mahoning,2015,231988,56,1112,0,1,2,1,1,70.80
Marion,2015,65470,21,591,0,1,0,0,0,78.80
Medina,2015,176185,32,245,0,1,2,0,1,48.60
Meigs,2015,23192,3,235,1,1,0,0,0,75.40
Mercer,2015,40735,2,123,1,0,0,0,0,37.60
Miami,2015,104100,9,224,1,1,1,0,1,59.10
Monroe,2015,14267,0,42,1,1,0,0,0,50.80
Montgomery,2015,532059,211,2655,0,1,2,1,1,71.00
Morgan,2015,14736,0,36,1,1,0,0,0,66.90
Morrow,2015,34954,3,157,1,1,1,0,1,63.00
Muskingum,2015,86213,3,197,1,1,1,0,0,84.40
Noble,2015,14468,4,43,1,1,1,0,0,43.80
Ottawa,2015,40761,5,96,1,1,1,0,0,63.80
Paulding,2015,18953,0,29,1,1,0,0,0,52.20
Perry,2015,35970,3,124,1,1,0,0,1,97.40
Pickaway,2015,56991,8,320,1,1,0,0,1,82.80
Pike,2015,28115,9,329,1,1,0,0,0,94.50
Portage,2015,162667,30,435,0,1,2,0,1,58.50
Preble,2015,41313,13,154,1,0,1,0,1,70.60
Putnam,2015,34020,3,37,1,1,0,0,0,40.50
Richland,2015,121720,30,732,0,1,1,0,0,55.60
Ross,2015,77067,36,993,1,1,0,0,0,94.20
Sandusky,2015,59476,11,175,1,1,1,0,0,51.90
Scioto,2015,77024,14,1494,1,1,0,1,0,92.10
Seneca,2015,55672,5,181,1,0,0,0,0,59.30
Shelby,2015,49036,7,117,1,0,1,0,0,48.30
Stark,2015,374798,63,1046,0,1,1,1,1,67.70
Summit,2015,541940,135,2033,0,1,3,1,1,62.30
Trumbull,2015,203442,83,974,0,1,2,0,1,87.80
Tuscarawas,2015,92782,9,131,1,1,1,0,0,64.80
Union,2015,54394,6,133,1,1,0,0,1,54.40
Van Wert,2015,28330,2,67,1,1,0,0,0,44.60
Vinton,2015,13083,2,88,1,1,0,0,0,105.30
Warren,2015,224018,38,517,0,1,2,1,1,50.10
Washington,2015,61075,7,205,1,1,1,0,1,79.10
Wayne,2015,116262,21,407,1,0,1,0,0,54.20
Williams,2015,37036,2,93,0,0,1,0,0,46.10
Wood,2015,129375,19,269,0,1,2,0,1,48.00
Wyandot,2015,22181,1,44,1,0,0,0,0,47.30
Adams,2016,27817,12,198,1,1,0,0,0,95.90
Allen,2016,103691,22,343,1,1,1,0,1,48.40
Ashland,2016,53487,10,146,0,0,1,0,0,38.90
Ashtabula,2016,98172,39,562,1,1,1,0,0,53.10
Athens,2016,66402,6,479,1,1,0,0,0,66.50
Auglaize,2016,45772,2,83,1,0,1,0,0,52.30
Belmont,2016,68642,12,290,1,1,1,0,1,57.50
Brown,2016,43660,13,339,1,1,0,0,1,73.10
Butler,2016,378527,197,2310,0,1,1,0,1,62.60
Carroll,2016,27630,3,60,1,1,0,0,1,42.40
Champaign,2016,38760,9,110,1,0,0,0,0,66.20
Clark,2016,134805,70,777,0,1,1,0,1,76.30
Clermont,2016,203332,91,1175,0,1,0,0,1,62.70
Clinton,2016,41923,12,265,0,1,1,0,0,75.40
Columbiana,2016,103926,10,475,1,1,0,0,0,59.90
Coshocton,2016,36651,2,93,1,1,0,0,0,57.20
Crawford,2016,42096,7,320,1,0,0,0,0,66.00
Cuyahoga,2016,1254324,504,2971,0,1,4,1,1,40.70
Darke,2016,51653,19,112,1,1,0,0,0,41.70
Defiance,2016,38162,5,96,0,1,0,0,0,44.20
Delaware,2016,197442,11,281,0,0,1,0,1,38.80
Erie,2016,75004,24,317,1,1,1,0,1,63.90
Fairfield,2016,152829,23,585,1,1,1,1,1,57.50
Fayette,2016,28695,6,227,1,1,1,0,0,63.20
Franklin,2016,1275212,278,3584,0,1,2,1,1,52.70
Fulton,2016,42337,9,93,0,0,1,0,1,56.30
Gallia,2016,30213,11,377,1,0,0,0,0,74.20
Geauga,2016,93858,23,92,0,0,0,0,1,35.30
Greene,2016,165494,41,591,0,1,0,1,1,43.60
Guernsey,2016,39237,12,258,1,1,2,0,0,74.80
Hamilton,2016,811766,304,2775,0,1,3,1,1,49.10
Hancock,2016,75829,16,339,0,0,1,0,0,38.10
Hardin,2016,31374,8,226,1,1,0,0,0,55.60
Harrison,2016,15237,0,44,1,1,0,0,0,69.00
Henry,2016,27268,5,72,0,0,0,0,0,47.10
Highland,2016,43011,15,295,1,1,0,0,0,72.30
Hocking,2016,28403,3,73,1,1,0,0,1,88.20
Holmes,2016,43866,2,29,1,1,0,0,0,18.60
Huron,2016,58386,14,221,1,0,0,0,0,73.50
Jackson,2016,32565,7,320,1,1,0,0,0,98.60
Jefferson,2016,66993,10,478,0,1,0,0,1,79.20
Knox,2016,60953,7,213,1,1,0,0,0,54.60
Lake,2016,229499,88,605,0,1,1,0,1,50.50
Lawrence,2016,60817,23,690,1,1,0,0,1,57.80
Licking,2016,172166,9,415,0,0,1,0,1,53.80
Logan,2016,45145,14,158,1,1,0,0,0,67.10
Lorain,2016,306676,121,1032,0,1,2,1,1,49.90
Lucas,2016,433113,128,2399,0,1,2,1,1,61.60
Madison,2016,43400,13,150,0,1,2,0,1,76.60
Mahoning,2016,230263,74,1318,0,1,2,1,1,64.70
Marion,2016,65481,21,646,0,1,0,0,0,77.90
Medina,2016,177001,43,279,0,1,2,0,1,42.60
Meigs,2016,23189,8,228,1,1,0,0,0,64.40
Mercer,2016,40768,2,102,1,0,0,0,0,36.00
Miami,2016,104553,28,256,1,1,1,0,1,54.40
Monroe,2016,14095,0,49,1,1,0,0,0,43.80
Montgomery,2016,532274,300,2751,0,1,2,1,1,63.50
Morgan,2016,14746,2,63,1,1,0,0,0,62.10
Morrow,2016,34928,4,158,1,1,1,0,1,58.10
Muskingum,2016,85958,2,314,1,1,1,0,0,77.60
Noble,2016,14459,2,64,1,1,1,0,0,39.60
Ottawa,2016,40531,12,117,1,1,1,0,0,59.80
Paulding,2016,18827,0,42,1,1,0,0,0,48.10
Perry,2016,36015,4,221,1,1,0,0,1,91.90
Pickaway,2016,57513,4,314,1,1,0,0,1,77.20
Pike,2016,28101,3,329,1,1,0,0,0,89.10
Portage,2016,162564,43,409,0,1,2,0,1,51.80
Preble,2016,41148,20,181,1,0,1,0,1,61.40
Putnam,2016,34004,3,44,1,1,0,0,0,35.80
Richland,2016,121324,61,947,0,1,1,0,0,50.00
Ross,2016,76888,40,1123,1,1,0,0,0,86.90
Sandusky,2016,59311,15,200,1,1,1,0,0,46.80
Scioto,2016,76451,21,1206,1,1,0,1,0,87.40
Seneca,2016,55517,5,264,1,0,0,0,0,54.40
Shelby,2016,48760,15,115,1,0,1,0,0,43.60
Stark,2016,373553,92,1028,0,1,1,1,1,59.30
Summit,2016,541226,269,2100,0,1,3,1,1,54.10
Trumbull,2016,201854,99,1207,0,1,2,0,1,78.30
Tuscarawas,2016,92602,12,188,1,1,1,0,0,57.70
Union,2016,55601,5,137,1,1,0,0,1,49.60
Van Wert,2016,28210,7,114,1,1,0,0,0,40.90
Vinton,2016,13015,3,54,1,1,0,0,0,89.90
Warren,2016,226858,52,510,0,1,2,1,1,45.70
Washington,2016,60673,15,262,1,1,1,0,1,70.70
Wayne,2016,116657,31,386,1,0,1,0,0,47.80
Williams,2016,36964,8,91,0,0,1,0,0,38.10
Wood,2016,129888,16,306,0,1,2,0,1,44.30
Wyandot,2016,22070,4,63,1,0,0,0,0,44.50
Adams,2017,27747,13,215,1,1,0,0,0,92.81
Allen,2017,103173,32,368,1,1,1,0,1,44.85
Ashland,2017,53673,7,164,0,0,1,0,0,32.92
Ashtabula,2017,97773,36,591,1,1,1,0,0,44.33
Athens,2017,66587,5,455,1,1,0,0,0,61.73
Auglaize,2017,45756,6,83,1,0,1,0,0,48.65
Belmont,2017,68074,10,343,1,1,1,0,1,54.96
Brown,2017,43558,25,434,1,1,0,0,1,65.91
Butler,2017,380751,238,2354,0,1,1,0,1,56.79
Carroll,2017,27329,5,75,1,1,0,0,1,38.39
Champaign,2017,38857,16,120,1,0,0,0,0,63.78
Clark,2017,134636,87,809,0,1,1,0,1,72.23
Clermont,2017,204456,86,1526,0,1,0,0,1,58.39
Clinton,2017,42035,28,262,0,1,1,0,0,68.06
Columbiana,2017,103198,15,470,1,1,0,0,0,52.84
Coshocton,2017,36535,3,111,1,1,0,0,0,49.68
Crawford,2017,41733,17,298,1,0,0,0,0,58.79
Cuyahoga,2017,1247808,520,3747,0,1,4,1,1,35.11
Darke,2017,51575,27,139,1,1,0,0,0,37.90
Defiance,2017,38158,3,90,0,1,0,0,0,40.19
Delaware,2017,201157,27,279,0,0,1,0,1,35.17
Erie,2017,74778,25,336,1,1,1,0,1,57.21
Fairfield,2017,154718,38,610,1,1,1,1,1,51.78
Fayette,2017,28669,26,243,1,1,1,0,0,56.47
Franklin,2017,1296374,402,4437,0,1,2,1,1,46.97
Fulton,2017,42274,3,93,0,0,1,0,1,49.08
Gallia,2017,30156,17,370,1,0,0,0,0,68.53
Geauga,2017,93891,23,136,0,0,0,0,1,31.33
Greene,2017,166720,57,717,0,1,0,1,1,40.62
Guernsey,2017,39077,7,308,1,1,2,0,0,68.81
Hamilton,2017,814693,402,3922,0,1,3,1,1,44.28
Hancock,2017,75984,31,374,0,0,1,0,0,34.83
Hardin,2017,31338,8,231,1,1,0,0,0,51.12
Harrison,2017,15203,4,62,1,1,0,0,0,63.51
Henry,2017,27189,3,88,0,0,0,0,0,42.39
Highland,2017,42931,23,299,1,1,0,0,0,68.69
Hocking,2017,28440,7,59,1,1,0,0,1,76.00
Holmes,2017,43908,2,39,1,1,0,0,0,16.64
Huron,2017,58403,26,289,1,0,0,0,0,67.60
Jackson,2017,32398,8,328,1,1,0,0,0,86.33
Jefferson,2017,66398,23,544,0,1,0,0,1,69.68
Knox,2017,61345,14,215,1,1,0,0,0,46.74
Lake,2017,230114,86,665,0,1,1,0,1,44.80
Lawrence,2017,60176,30,753,1,1,0,0,1,53.49
Licking,2017,173790,30,406,0,0,1,0,1,47.17
Logan,2017,45217,15,157,1,1,0,0,0,61.63
Lorain,2017,307498,119,1014,0,1,2,1,1,42.09
Lucas,2017,431312,130,2756,0,1,2,1,1,54.09
Madison,2017,44077,15,169,0,1,2,0,1,70.63
Mahoning,2017,229438,98,1495,0,1,2,1,1,56.61
Marion,2017,65113,28,670,0,1,0,0,0,75.23
Medina,2017,178339,35,333,0,1,2,0,1,37.97
Meigs,2017,23083,4,188,1,1,0,0,0,58.46
Mercer,2017,40889,4,90,1,0,0,0,0,33.54
Miami,2017,105215,38,326,1,1,1,0,1,50.41
Monroe,2017,13946,0,50,1,1,0,0,0,39.61
Montgomery,2017,531964,474,3092,0,1,2,1,1,57.90
Morgan,2017,14645,0,66,1,1,0,0,0,55.16
Morrow,2017,34928,10,183,1,1,1,0,1,49.55
Muskingum,2017,86099,13,407,1,1,1,0,0,71.16
Noble,2017,14406,1,58,1,1,1,0,0,34.14
Ottawa,2017,40652,4,145,1,1,1,0,0,56.93
Paulding,2017,18816,3,48,1,1,0,0,0,42.30
Perry,2017,35975,4,219,1,1,0,0,1,81.39
Pickaway,2017,57769,10,341,1,1,0,0,1,72.00
Pike,2017,28084,13,303,1,1,0,0,0,84.95
Portage,2017,162441,32,471,0,1,2,0,1,45.81
Preble,2017,41119,24,206,1,0,1,0,1,57.36
Putnam,2017,33870,1,51,1,1,0,0,0,33.83
Richland,2017,120500,45,1018,0,1,1,0,0,42.64
Ross,2017,77299,28,1029,1,1,0,0,0,78.65
Sandusky,2017,59097,16,239,1,1,1,0,0,43.11
Scioto,2017,76018,33,1122,1,1,0,1,0,80.28
Seneca,2017,55322,16,299,1,0,0,0,0,49.12
Shelby,2017,48731,21,139,1,0,1,0,0,40.58
Stark,2017,372120,87,1239,0,1,1,1,1,51.83
Summit,2017,541695,192,2579,0,1,3,1,1,45.50
Trumbull,2017,200424,117,1451,0,1,2,0,1,71.90
Tuscarawas,2017,92377,21,235,1,1,1,0,0,53.44
Union,2017,56842,9,138,1,1,0,0,1,46.61
Van Wert,2017,28290,8,105,1,1,0,0,0,39.28
Vinton,2017,13080,1,44,1,1,0,0,0,86.83
Warren,2017,229292,77,530,0,1,2,1,1,42.41
Washington,2017,60557,10,316,1,1,1,0,1,61.49
Wayne,2017,116227,16,459,1,0,1,0,0,42.31
Williams,2017,36754,2,66,0,0,1,0,0,34.45
Wood,2017,130593,14,368,0,1,2,0,1,40.52
Wyandot,2017,22057,2,74,1,0,0,0,0,41.25
Adams,2018,27685,9,260,1,1,0,0,0,77.51
Allen,2018,102747,10,370,1,1,1,0,1,37.12
Ashland,2018,53727,6,149,0,0,1,0,0,24.86
Ashtabula,2018,97536,22,661,1,1,1,0,0,34.95
Athens,2018,65673,8,571,1,1,0,0,0,48.74
Auglaize,2018,45728,1,86,1,0,1,0,0,38.13
Belmont,2018,67492,10,356,1,1,1,0,1,43.74
Brown,2018,43623,25,412,1,1,0,0,1,58.48
Butler,2018,382114,153,2674,0,1,1,0,1,46.05
Carroll,2018,27134,3,59,1,1,0,0,1,31.59
Champaign,2018,38799,7,137,1,0,0,0,0,53.38
Clark,2018,134697,64,761,0,1,1,0,1,60.44
Clermont,2018,205803,72,1555,0,1,0,0,1,50.46
Clinton,2018,42119,11,228,0,1,1,0,0,56.27
Columbiana,2018,102534,9,543,1,1,0,0,0,42.91
Coshocton,2018,36607,4,118,1,1,0,0,0,39.96
Crawford,2018,41454,12,339,1,0,0,0,0,49.42
Cuyahoga,2018,1241788,392,3871,0,1,4,1,1,27.67
Darke,2018,51323,14,136,1,1,0,0,0,31.70
Defiance,2018,38046,4,100,0,1,0,0,0,33.89
Delaware,2018,205347,28,283,0,0,1,0,1,30.14
Erie,2018,74413,21,343,1,1,1,0,1,46.42
Fairfield,2018,156062,25,820,1,1,1,1,1,44.54
Fayette,2018,28614,8,231,1,1,1,0,0,47.56
Franklin,2018,1308599,433,5534,0,1,2,1,1,39.35
Fulton,2018,42256,6,108,0,0,1,0,1,40.62
Gallia,2018,29956,14,435,1,0,0,0,0,55.06
Geauga,2018,93770,9,129,0,0,0,0,1,24.38
Greene,2018,167643,44,697,0,1,0,1,1,32.95
Guernsey,2018,39011,5,350,1,1,2,0,0,57.54
Hamilton,2018,815853,319,4354,0,1,3,1,1,36.78
Hancock,2018,75913,20,388,0,0,1,0,0,27.93
Hardin,2018,31417,5,224,1,1,0,0,0,43.05
Harrison,2018,15151,3,65,1,1,0,0,0,51.93
Henry,2018,27039,5,70,0,0,0,0,0,34.10
Highland,2018,43032,8,305,1,1,0,0,0,57.95
Hocking,2018,28353,9,28,1,1,0,0,1,59.83
Holmes,2018,43973,3,34,1,1,0,0,0,12.30
Huron,2018,58316,16,279,1,0,0,0,0,57.46
Jackson,2018,32370,8,363,1,1,0,0,0,64.68
Jefferson,2018,65889,15,586,0,1,0,0,1,59.07
Knox,2018,61921,5,230,1,1,0,0,0,37.62
Lake,2018,229856,63,696,0,1,1,0,1,35.81
Lawrence,2018,59864,27,888,1,1,0,0,1,44.32
Licking,2018,175816,18,449,0,0,1,0,1,39.47
Logan,2018,45291,9,144,1,1,0,0,0,52.12
Lorain,2018,309222,91,1040,0,1,2,1,1,33.94
Lucas,2018,429990,138,3255,0,1,2,1,1,46.68
Madison,2018,44393,5,175,0,1,2,0,1,58.70
Mahoning,2018,228975,86,1895,0,1,2,1,1,47.73
Marion,2018,65426,21,799,0,1,0,0,0,68.18
Medina,2018,179205,34,288,0,1,2,0,1,30.97
Meigs,2018,23050,13,188,1,1,0,0,0,46.68
Mercer,2018,40986,0,68,1,0,0,0,0,26.28
Miami,2018,106091,25,370,1,1,1,0,1,39.07
Monroe,2018,13798,1,53,1,1,0,0,0,32.34
Montgomery,2018,531954,250,3502,0,1,2,1,1,46.26
Morgan,2018,14585,2,82,1,1,0,0,0,47.02
Morrow,2018,35133,6,206,1,1,1,0,1,42.31
Muskingum,2018,86048,21,507,1,1,1,0,0,58.69
Noble,2018,14368,4,68,1,1,1,0,0,26.76
Ottawa,2018,40819,9,176,1,1,1,0,0,47.94
Paulding,2018,18747,3,60,1,1,0,0,0,33.93
Perry,2018,36046,9,273,1,1,0,0,1,69.06
Pickaway,2018,58099,15,400,1,1,0,0,1,60.39
Pike,2018,27908,13,400,1,1,0,0,0,67.45
Portage,2018,162367,27,433,0,1,2,0,1,37.98
Preble,2018,41023,10,179,1,0,1,0,1,44.36
Putnam,2018,33809,1,45,1,1,0,0,0,28.62
Richland,2018,121117,43,936,0,1,1,0,0,35.96
Ross,2018,76859,32,1288,1,1,0,0,0,65.27
Sandusky,2018,58726,14,219,1,1,1,0,0,36.63
Scioto,2018,75338,39,1608,1,1,0,1,0,67.56
Seneca,2018,55256,6,272,1,0,0,0,0,40.69
Shelby,2018,48632,9,158,1,0,1,0,0,31.13
Stark,2018,371410,60,1289,0,1,1,1,1,43.13
Summit,2018,541451,103,2091,0,1,3,1,1,36.56
Trumbull,2018,198574,71,1831,0,1,2,0,1,59.90
Tuscarawas,2018,92075,11,244,1,1,1,0,0,42.41
Union,2018,57836,6,131,1,1,0,0,1,40.45
Van Wert,2018,28176,3,90,1,1,0,0,0,31.04
Vinton,2018,13132,3,24,1,1,0,0,0,69.37
Warren,2018,232539,39,482,0,1,2,1,1,35.82
Washington,2018,60183,12,339,1,1,1,0,1,48.76
Wayne,2018,115911,14,423,1,0,1,0,0,34.31
Williams,2018,36753,8,81,0,0,1,0,0,27.16
Wood,2018,130627,9,363,0,1,2,0,1,33.80
Wyandot,2018,21901,6,79,1,0,0,0,0,33.60
Adams,2019,27640,11,284,1,1,0,0,0,69.76
Allen,2019,102450,9,382,1,1,1,0,1,33.32
Ashland,2019,53418,5,132,0,0,1,0,0,21.70
Ashtabula,2019,97088,27,638,1,1,1,0,0,30.31
Athens,2019,65582,6,672,1,1,0,0,0,44.72
Auglaize,2019,45610,4,71,1,0,1,0,0,33.52
Belmont,2019,66979,16,411,1,1,1,0,1,37.08
Brown,2019,43473,13,453,1,1,0,0,1,53.00
Butler,2019,383603,148,2983,0,1,1,0,1,40.54
Carroll,2019,26984,3,69,1,1,0,0,1,28.04
Champaign,2019,38930,7,162,1,0,0,0,0,49.03
Clark,2019,134315,47,896,0,1,1,0,1,55.84
Clermont,2019,206851,71,1735,0,1,0,0,1,45.35
Clinton,2019,42002,12,267,0,1,1,0,0,51.06
Columbiana,2019,101794,10,636,1,1,0,0,0,36.90
Coshocton,2019,36549,3,141,1,1,0,0,0,33.00
Crawford,2019,41396,9,375,1,0,0,0,0,44.10
Cuyahoga,2019,1235574,419,3840,0,1,4,1,1,23.55
Darke,2019,51181,9,124,1,1,0,0,0,29.09
Defiance,2019,37978,5,100,0,1,0,0,0,30.15
Delaware,2019,209768,20,371,0,0,1,0,1,27.35
Erie,2019,74179,12,429,1,1,1,0,1,38.20
Fairfield,2019,157703,21,817,1,1,1,1,1,41.47
Fayette,2019,28486,10,215,1,1,1,0,0,43.86
Franklin,2019,1318766,504,6721,0,1,2,1,1,35.34
Fulton,2019,42175,2,123,0,0,1,0,1,35.56
Gallia,2019,29850,20,459,1,0,0,0,0,51.26
Geauga,2019,93494,19,149,0,0,0,0,1,21.27
Greene,2019,169354,37,732,0,1,0,1,1,29.54
Guernsey,2019,38876,7,418,1,1,2,0,0,50.54
Hamilton,2019,818653,319,5054,0,1,3,1,1,32.55
Hancock,2019,75690,10,413,0,0,1,0,0,25.19
Hardin,2019,31369,8,230,1,1,0,0,0,38.90
Harrison,2019,15053,0,67,1,1,0,0,0,44.31
Henry,2019,26942,5,72,0,0,0,0,0,29.33
Highland,2019,43123,15,319,1,1,0,0,0,51.74
Hocking,2019,28240,4,28,1,1,0,0,1,54.54
Holmes,2019,44021,1,36,1,1,0,0,0,10.24
Huron,2019,58269,23,345,1,0,0,0,0,48.09
Jackson,2019,32372,5,446,1,1,0,0,0,58.77
Jefferson,2019,65494,17,672,0,1,0,0,1,49.69
Knox,2019,62239,7,262,1,1,0,0,0,34.05
Lake,2019,229739,68,727,0,1,1,0,1,30.74
Lawrence,2019,59556,23,853,1,1,0,0,1,40.93
Licking,2019,177174,17,504,0,0,1,0,1,36.15
Logan,2019,45594,9,139,1,1,0,0,0,47.65
Lorain,2019,310100,87,968,0,1,2,1,1,29.66
Lucas,2019,428888,197,3610,0,1,2,1,1,41.95
Madison,2019,44812,17,172,0,1,2,0,1,53.96
Mahoning,2019,227510,92,2020,0,1,2,1,1,42.14
Marion,2019,65057,22,868,0,1,0,0,0,62.79
Medina,2019,180121,15,300,0,1,2,0,1,27.46
Meigs,2019,22868,8,230,1,1,0,0,0,43.03
Mercer,2019,41255,1,69,1,0,0,0,0,23.43
Miami,2019,106995,20,359,1,1,1,0,1,35.16
Monroe,2019,13708,1,47,1,1,0,0,0,26.54
Montgomery,2019,532139,227,3746,0,1,2,1,1,40.82
Morgan,2019,14505,1,104,1,1,0,0,0,45.15
Morrow,2019,35342,13,221,1,1,1,0,1,38.80
Muskingum,2019,86042,17,659,1,1,1,0,0,51.13
Noble,2019,14451,0,70,1,1,1,0,0,24.23
Ottawa,2019,40532,7,209,1,1,1,0,0,41.17
Paulding,2019,18672,1,56,1,1,0,0,0,30.19
Perry,2019,36127,8,304,1,1,0,0,1,63.05
Pickaway,2019,58521,15,523,1,1,0,0,1,56.02
Pike,2019,27784,11,502,1,1,0,0,0,62.35
Portage,2019,162426,25,460,0,1,2,0,1,34.30
Preble,2019,40848,11,161,1,0,1,0,1,39.21
Putnam,2019,33843,1,43,1,1,0,0,0,25.18
Richland,2019,121384,50,985,0,1,1,0,0,32.47
Ross,2019,76613,29,1577,1,1,0,0,0,57.59
Sandusky,2019,58520,11,237,1,1,1,0,0,30.68
Scioto,2019,75051,76,1740,1,1,0,1,0,61.63
Seneca,2019,55220,6,313,1,0,0,0,0,36.21
Shelby,2019,48592,13,171,1,0,1,0,0,26.99
Stark,2019,370723,81,1308,0,1,1,1,1,38.35
Summit,2019,540814,164,2410,0,1,3,1,1,31.98
Trumbull,2019,198069,89,2033,0,1,2,0,1,52.48
Tuscarawas,2019,91993,12,251,1,1,1,0,0,38.05
Union,2019,59054,13,156,1,1,0,0,1,36.34
Van Wert,2019,28231,5,106,1,1,0,0,0,28.53
Vinton,2019,13028,1,21,1,1,0,0,0,63.34
Warren,2019,235601,40,590,0,1,2,1,1,32.45
Washington,2019,60018,7,365,1,1,1,0,1,43.14
Wayne,2019,115824,13,452,1,0,1,0,0,29.60
Williams,2019,36765,5,95,0,0,1,0,0,24.10
Wood,2019,131089,22,404,0,1,2,0,1,30.00
Wyandot,2019,21796,1,71,1,0,0,0,0,31.31
