"county","year","mean_prev","lwr95_prev","upr95_prev"
"Alamance",2016,0.0377203928911377,0.0273655503231301,0.0507492735834878
"Alexander",2016,0.0654736774607246,0.0454739767019344,0.0910013893341883
"Alleghany",2016,0.0375576327433628,0.0239675516224189,0.0556784660766962
"Anson",2016,0.0245464948129519,0.0163470606727444,0.0351314445143037
"Ashe",2016,0.0558864433219433,0.0367701678799584,0.0812657851730798
"Avery",2016,0.0699728305549212,0.0486983329527289,0.0994533569308061
"Beaufort",2016,0.0596123974245676,0.0394310482683163,0.0860166014392122
"Bertie",2016,0.0373253953863201,0.0238239145764078,0.0558577616601189
"Bladen",2016,0.0420802614030408,0.0284512907145609,0.0599567292018612
"Brunswick",2016,0.0612904066859389,0.0389118413901208,0.09235701401306
"Buncombe",2016,0.0542443792758739,0.0366787002905251,0.0786138944425354
"Burke",2016,0.0682976668805078,0.0497234133549425,0.0932353040483506
"Cabarrus",2016,0.0507138221141922,0.0364946177885808,0.0672456471055112
"Caldwell",2016,0.0520870888531474,0.0372496899900551,0.0702651352380017
"Camden",2016,0.0418546362065656,0.0222691495488577,0.071702822038779
"Carteret",2016,0.0625566918275512,0.040063507040209,0.0952692698504863
"Caswell",2016,0.0350604103011785,0.0233085988651244,0.050459406372763
"Catawba",2016,0.061801896343451,0.0441582139729897,0.0836193507564282
"Chatham",2016,0.0261433536813255,0.0187976689783093,0.0355190122226375
"Cherokee",2016,0.0735493674968644,0.040207848055904,0.12302454757212
"Chowan",2016,0.0304901272335396,0.0164777862754641,0.0508934158381423
"Clay",2016,0.0580884196060467,0.0290426019239579,0.102977553825011
"Cleveland",2016,0.0452282158445195,0.0312731614922177,0.0633186300749403
"Columbus",2016,0.0605699707990443,0.0404198743474029,0.0869480576940094
"Craven",2016,0.0541799265310068,0.035496882401276,0.0790284692348591
"Cumberland",2016,0.0356473938256396,0.025824603288631,0.0486019955552431
"Currituck",2016,0.0443696811189895,0.0235954511991941,0.0756712774613507
"Dare",2016,0.0646927093760427,0.0377036758981203,0.105160716271827
"Davidson",2016,0.0538148606041497,0.0395084765288675,0.0708140317475716
"Davie",2016,0.0450076428724442,0.0315378573298741,0.0614333658629472
"Duplin",2016,0.0257150078854992,0.0166523936305516,0.0374947006054028
"Durham",2016,0.0308112164121589,0.0216417057463457,0.0422944724569906
"Edgecombe",2016,0.0299389249409205,0.0198994710979407,0.0437197569301174
"Forsyth",2016,0.0399502808799739,0.0291296892958755,0.0521305560266049
"Franklin",2016,0.0346051495247662,0.0234290240321459,0.0493018313886098
"Gaston",2016,0.0700391782084668,0.0482977669209319,0.0962275021316802
"Gates",2016,0.0363550182958704,0.019776964627984,0.0601150026136958
"Graham",2016,0.0644000233699463,0.0358728674924048,0.106453026408039
"Granville",2016,0.0418051278141993,0.0279844488489099,0.0595983466314309
"Greene",2016,0.0307535572562358,0.0193216175359033,0.0468631897203326
"Guilford",2016,0.0339563827134445,0.0244509235992557,0.0451846239426083
"Halifax",2016,0.0388286848510605,0.0262720704709655,0.0559445388865278
"Harnett",2016,0.0369937340026436,0.0263521825169429,0.0503207111803852
"Haywood",2016,0.0860340842424442,0.0561608055106951,0.128226245014996
"Henderson",2016,0.0433615967217995,0.0286660858601336,0.0640669737061002
"Hertford",2016,0.0381401972157773,0.0227461054027179,0.0602833941000994
"Hoke",2016,0.0259990312042357,0.0176861552326236,0.0367241185085051
"Hyde",2016,0.0462600507522204,0.0270074315751314,0.0739532354540511
"Iredell",2016,0.050842377223623,0.0381802435864813,0.0668995350343519
"Jackson",2016,0.0650338438957411,0.039439762316233,0.101799791671599
"Johnston",2016,0.0320226220945417,0.0219375816139984,0.0449784539044137
"Jones",2016,0.0485821330624683,0.030675469781615,0.0732351447435246
"Lee",2016,0.0563567330917874,0.0390834675254965,0.0800292706655931
"Lenoir",2016,0.0419214441516743,0.0274831172457117,0.060534053431518
"Lincoln",2016,0.0552852417208752,0.0400647422629608,0.074857702542874
"Macon",2016,0.0490015970444496,0.0335990225738888,0.0710088433791017
"Madison",2016,0.0361174601686973,0.0201030927835052,0.0589034676663543
"Martin",2016,0.0578366822026584,0.036078025202831,0.0888151648541343
"McDowell",2016,0.0439892290626733,0.0295945646145313,0.0636272878535774
"Mecklenburg",2016,0.0265339404741026,0.0192057051576787,0.0363840790265776
"Mitchell",2016,0.0841801203226233,0.0557979637709903,0.126603199788444
"Montgomery",2016,0.0478343861696696,0.0344654971186812,0.0651770734553943
"Moore",2016,0.046971640076846,0.0350398325258938,0.0626777585198797
"Nash",2016,0.0332621264826339,0.0224243391308973,0.0467001755225786
"New Hanover",2016,0.0612083813981377,0.036785572056935,0.0993678490086494
"Northampton",2016,0.02872095,0.01785,0.04345125
"Onslow",2016,0.0405951698230164,0.0259434315150479,0.0598551320964432
"Orange",2016,0.0297636513018703,0.0210157550283506,0.0416513864989139
"Pamlico",2016,0.056127025973013,0.0332247874580766,0.090086576710085
"Pasquotank",2016,0.0427520971302428,0.023478577162352,0.0709167419225366
"Pender",2016,0.0469340988322897,0.0318323743442207,0.0675918091047555
"Perquimans",2016,0.0356875065616798,0.0188976377952756,0.0605174353205849
"Person",2016,0.0568797449343244,0.0390998879951125,0.0804914214438448
"Pitt",2016,0.0382808492269496,0.0262890757250875,0.0542997404356168
"Polk",2016,0.0543182354676896,0.0330960460312777,0.0855734238221697
"Randolph",2016,0.0519775129692642,0.0385032004797233,0.0692741744296313
"Richmond",2016,0.0535888359776586,0.0391419479739202,0.0721422372549456
"Robeson",2016,0.0405129710661613,0.0283484069501257,0.0564872218260967
"Rockingham",2016,0.0481650312387163,0.033481776503671,0.0657602332782598
"Rowan",2016,0.0649178935633482,0.047436451730471,0.0855695225572238
"Rutherford",2016,0.048880608542479,0.0334231643606691,0.0699330783938815
"Sampson",2016,0.0276947626893099,0.0188672295798745,0.0390825993283062
"Scotland",2016,0.035687353875837,0.024400607195551,0.0507611224605607
"Stanly",2016,0.0516159086048922,0.0378674474840026,0.0686943791021697
"Stokes",2016,0.0521072716228822,0.0355554591405081,0.0726511486647721
"Surry",2016,0.0566828630066701,0.0402559177956818,0.0772676216493559
"Swain",2016,0.0987989962358846,0.0609908685347832,0.153913982991775
"Transylvania",2016,0.0673201152858252,0.0433665850307628,0.102502837345439
"Tyrrell",2016,0.040029413185221,0.0212509055783627,0.0685824680028979
"Union",2016,0.027685714853093,0.0196683891865176,0.0378239102230303
"Vance",2016,0.0603466142301781,0.0390335412711328,0.0889171413072959
"Wake",2016,0.024139601983586,0.017131308924131,0.0328872000236914
"Warren",2016,0.0261643743406842,0.0164766162656352,0.039232430803235
"Washington",2016,0.0314974333743337,0.0197621976219762,0.0477244772447724
"Watauga",2016,0.0310026760876822,0.0207336523125997,0.0441007381031861
"Wayne",2016,0.0347153491743858,0.0235598066854611,0.0503266210229561
"Wilkes",2016,0.0732046508583067,0.0537387256328193,0.0967126127436718
"Wilson",2016,0.031990485054065,0.021454243763853,0.0458725707498071
"Yadkin",2016,0.0543633139720772,0.0382873281466482,0.0746296493658744
"Yancey",2016,0.0670551137006449,0.0441226383075008,0.099618169476185
"Alamance",2017,0.0344547690450826,0.0238369121441459,0.0501074566940286
"Alexander",2017,0.0591201442900821,0.0376817035884782,0.0884561229415866
"Alleghany",2017,0.0339747167074608,0.0191279122473031,0.0572930831293627
"Anson",2017,0.0203913088711936,0.0124044656076187,0.0311312072346045
"Ashe",2017,0.0453126609044033,0.0267082761434878,0.0735986942167155
"Avery",2017,0.0426812100821168,0.0275433394160584,0.0633568088503649
"Beaufort",2017,0.0487941789840299,0.0312388506625892,0.0731831889228678
"Bertie",2017,0.0278078079483978,0.0167498959633791,0.0440608094049105
"Bladen",2017,0.0347129249059084,0.0223721548479599,0.0514965051675727
"Brunswick",2017,0.0480927332177208,0.0285797229883038,0.0779930021314469
"Buncombe",2017,0.0638524768348686,0.0392612584285365,0.093883900670401
"Burke",2017,0.0622781449833694,0.0420520085561018,0.0872968765748715
"Cabarrus",2017,0.0514747380022429,0.0351907217989868,0.0729205740747902
"Caldwell",2017,0.0506499762140008,0.0332394091313841,0.0743099010746393
"Camden",2017,0.0235807107078726,0.0110575559965977,0.0445137510632265
"Carteret",2017,0.0477204628271947,0.0283819195423992,0.0758881258982883
"Caswell",2017,0.0346490020312638,0.0217256910712709,0.0538295946303983
"Catawba",2017,0.054535446339271,0.0361325281375416,0.0794186068593566
"Chatham",2017,0.0231489380456682,0.0160062681889411,0.032796409782852
"Cherokee",2017,0.0595616406166554,0.0273071171716452,0.115071919393314
"Chowan",2017,0.0284185962424672,0.0136121942573555,0.0535980148883375
"Clay",2017,0.034463382698212,0.014628860393715,0.0701643489254109
"Cleveland",2017,0.0402431966219409,0.0258889493907576,0.0597946246943514
"Columbus",2017,0.049317882937643,0.0313925736556064,0.0748900529176201
"Craven",2017,0.0457145128585077,0.0287778568503968,0.0681242566632221
"Cumberland",2017,0.0299682383790513,0.0204001100599616,0.0425989186458415
"Currituck",2017,0.0299896851619764,0.0137860316736926,0.0588669249173977
"Dare",2017,0.0492689077259758,0.0253462699797778,0.0894768553145516
"Davidson",2017,0.0488279652617456,0.0340128787787219,0.0682561674301669
"Davie",2017,0.0390214575089504,0.0252496702468438,0.0569071509327303
"Duplin",2017,0.0191883246667457,0.0119069598062298,0.0290824709090601
"Durham",2017,0.0267287748684379,0.0182228693364138,0.0388625497368759
"Edgecombe",2017,0.0233970519650407,0.0148823629779893,0.0356418374504711
"Forsyth",2017,0.0375551610331633,0.0258897348001701,0.0537234933035714
"Franklin",2017,0.0283924857937372,0.0189215330673437,0.0425734494015234
"Gaston",2017,0.059424546965692,0.0378002061930585,0.0913067371538091
"Gates",2017,0.0291935984060984,0.0141198891198891,0.0540540540540541
"Graham",2017,0.0681269172228076,0.0320805526284978,0.129844280529212
"Granville",2017,0.0323044747049045,0.0210218782007153,0.0490996020618902
"Greene",2017,0.0252126956935522,0.0151796335950512,0.0395907684986914
"Guilford",2017,0.0298467591986382,0.0202408943492114,0.043317003603737
"Halifax",2017,0.0306738199181446,0.0198596764763204,0.0460534008965114
"Harnett",2017,0.0321553783690134,0.0221228738870392,0.04538469650632
"Haywood",2017,0.0812844116298867,0.0470986674088141,0.126007219566499
"Henderson",2017,0.0427902020603588,0.0248988833961351,0.0670238877173575
"Hertford",2017,0.0265046933824145,0.0143478624613068,0.0450943277838199
"Hoke",2017,0.0199862757779585,0.0131938798137335,0.0297328886096533
"Hyde",2017,0.0408019951519672,0.0221890732798807,0.0691776990490397
"Iredell",2017,0.0461449129536569,0.0323532675814263,0.0642022980917529
"Jackson",2017,0.062559811974961,0.033323249482233,0.106789728434133
"Johnston",2017,0.0251439453403014,0.017065904792891,0.0360534396160807
"Jones",2017,0.040314254454517,0.0243826195686152,0.0628347400229238
"Lee",2017,0.0490038242594738,0.0315075293728281,0.0734266920403773
"Lenoir",2017,0.0334927377248035,0.0213240335425347,0.0506654009106411
"Lincoln",2017,0.0476649490916593,0.0318070944019028,0.0682387170370011
"Macon",2017,0.0483813630081769,0.0295404814004376,0.0729313025452032
"Madison",2017,0.0492214430240044,0.0238653085624943,0.0893497654741102
"Martin",2017,0.0549791215059897,0.0301900039492738,0.0892129974987932
"McDowell",2017,0.0388375340463695,0.0252219934010939,0.0577747514338227
"Mecklenburg",2017,0.0244627029903319,0.0160570494884555,0.0364847000985293
"Mitchell",2017,0.0748681263269639,0.0439888535031847,0.120952760084926
"Montgomery",2017,0.0438305266994715,0.0298523783488245,0.0620020047384727
"Moore",2017,0.035363730671163,0.0257749527060372,0.0486510939299227
"Nash",2017,0.0232933248928089,0.0152993371705802,0.0344506388909576
"New Hanover",2017,0.047829322001074,0.0266947772427574,0.0802032808387398
"Northampton",2017,0.0222205719464304,0.0129392810391703,0.035848605377102
"Onslow",2017,0.029128740594039,0.0176897825089096,0.0459017344617908
"Orange",2017,0.0243959750527783,0.0161715397458364,0.0362964483324824
"Pamlico",2017,0.0558151548585389,0.030735282528174,0.0955177712979746
"Pasquotank",2017,0.0291824849659059,0.0138640766927509,0.0546272299524444
"Pender",2017,0.039068471734637,0.0252956953968306,0.0572033203189081
"Perquimans",2017,0.0256597001632774,0.0120231557072881,0.0499480480926228
"Person",2017,0.0461475539751079,0.0304038608077216,0.0686087122174244
"Pitt",2017,0.0321296969426168,0.0215421521207314,0.0460344500173144
"Polk",2017,0.0372144809806401,0.0198462885494698,0.0658150111878587
"Randolph",2017,0.0466105791376446,0.0325370597842018,0.064565681662735
"Richmond",2017,0.0463525335952498,0.031988035180142,0.0645798919594625
"Robeson",2017,0.034288304450779,0.0233771473387328,0.0496144593758955
"Rockingham",2017,0.0433530154262279,0.0291806396991721,0.0630691376485723
"Rowan",2017,0.0633743636415347,0.0424118696851625,0.0887211683399221
"Rutherford",2017,0.0454115535454013,0.0286092620696909,0.0678453366591035
"Sampson",2017,0.0217756582058963,0.0145037836985653,0.0316254138420306
"Scotland",2017,0.0279421765024364,0.0181795514775026,0.0418032086171031
"Stanly",2017,0.0492316694317036,0.0337659802869132,0.068120344165772
"Stokes",2017,0.0484868954655817,0.0307538771135464,0.0722280552092219
"Surry",2017,0.0540125470757643,0.0347661442179885,0.0807626273814798
"Swain",2017,0.0863104939135301,0.0453337064502589,0.152585000699594
"Transylvania",2017,0.059178224761456,0.0342487336553187,0.0945046530804571
"Tyrrell",2017,0.0261592546890424,0.0123395853899309,0.0483711747285291
"Union",2017,0.0255741526412697,0.0163203538981527,0.0379317834081066
"Vance",2017,0.0505346293908756,0.0303533057383909,0.0805681843885006
"Wake",2017,0.0184757577622894,0.0128379607219901,0.0263410939905969
"Warren",2017,0.0223308404164362,0.0134775939244581,0.0353065432781773
"Washington",2017,0.0279230602730603,0.0163170163170163,0.0447885447885448
"Watauga",2017,0.0251541445184231,0.0149852143466193,0.039603780773208
"Wayne",2017,0.0262073825016912,0.0173547579164385,0.0384386174016687
"Wilkes",2017,0.0663790451469902,0.0445195841110593,0.0960977601493234
"Wilson",2017,0.0240717684367768,0.0157950802610474,0.0356690257251656
"Yadkin",2017,0.0514672023084661,0.0335680626886218,0.0756876422936411
"Yancey",2017,0.0649123760144274,0.0378705477908025,0.102571291704238
"Alamance",2018,0.0294599185272417,0.0197553413924872,0.0429779314571367
"Alexander",2018,0.0429703290231039,0.028056648729687,0.0641722217760287
"Alleghany",2018,0.0228385180539378,0.0131708628259117,0.0376332765881193
"Anson",2018,0.0197349680427704,0.0122603207782289,0.0301885275555734
"Ashe",2018,0.0340591906746837,0.0203991294404072,0.0537478328230477
"Avery",2018,0.0386073750357041,0.0248500428449015,0.0584404455869751
"Beaufort",2018,0.0542303489878714,0.03632192697381,0.0775297903523864
"Bertie",2018,0.0261288657626406,0.0161870598128876,0.0408388520971302
"Bladen",2018,0.0389151340765291,0.0264537511298584,0.0558609520940042
"Brunswick",2018,0.0402257759024162,0.0248853697419997,0.0630086146375709
"Buncombe",2018,0.0376648649378818,0.0228436181750115,0.0557894929815556
"Burke",2018,0.0442342535018035,0.0293523599831825,0.0644600141621119
"Cabarrus",2018,0.0338996072716261,0.0218313207975698,0.0493757748104967
"Caldwell",2018,0.0365735386265833,0.0242106450157871,0.0539702422314059
"Camden",2018,0.0260495985060691,0.0126984126984127,0.0507936507936508
"Carteret",2018,0.0464429175536505,0.0286224900753697,0.0709977849375755
"Caswell",2018,0.0286461890915499,0.0179310952506829,0.0444543572120892
"Catawba",2018,0.0362045867685248,0.0236801300960593,0.0537035461261125
"Chatham",2018,0.0211824744664269,0.0149851652333229,0.0296291991960513
"Cherokee",2018,0.0327746045167882,0.0168754183842441,0.0580981573477081
"Chowan",2018,0.0242102858364816,0.0119039133224036,0.0452651650153254
"Clay",2018,0.0171571325971811,0.00861836789657958,0.0321393302809947
"Cleveland",2018,0.0273642910543295,0.0171229965692048,0.0416821137795074
"Columbus",2018,0.0445886533105741,0.030185517922918,0.0642709549905669
"Craven",2018,0.0413542550917289,0.0268578980099502,0.060605906016791
"Cumberland",2018,0.030112149971414,0.0211144795835465,0.0423052387686938
"Currituck",2018,0.0263368277186761,0.0125221631205674,0.0539690455082742
"Dare",2018,0.0480525574641791,0.0262999643845374,0.0898338401687625
"Davidson",2018,0.0373759137887572,0.0256280984791194,0.0529068685704683
"Davie",2018,0.0295388177754897,0.0190479254908385,0.0429878548194604
"Duplin",2018,0.0171075081554982,0.0111288568710072,0.0250106191382357
"Durham",2018,0.0242363093903814,0.0166918188161231,0.0341297566766328
"Edgecombe",2018,0.0252133064128449,0.0163445822517066,0.0385554273627536
"Forsyth",2018,0.0293697783428603,0.0194565271868298,0.0427389019754734
"Franklin",2018,0.0316350621669627,0.0217136619301362,0.0443901716992303
"Gaston",2018,0.03764262450302,0.0236081195085395,0.0576005402834244
"Gates",2018,0.0259871338460209,0.0130476108182839,0.0489933465825629
"Graham",2018,0.039577817067421,0.0210985384252711,0.0698962753418199
"Granville",2018,0.028596235548532,0.0192963486650586,0.04152041919654
"Greene",2018,0.0239586141252618,0.0149438416143156,0.0366933181039406
"Guilford",2018,0.0229064588603444,0.0151103209848783,0.0322316693837015
"Halifax",2018,0.0336034444576265,0.0223232293273223,0.0486811405069799
"Harnett",2018,0.0302024051142206,0.022001616820898,0.0415383268511482
"Haywood",2018,0.0508812105662326,0.0312884252311565,0.0776330864436591
"Henderson",2018,0.0274150375167026,0.016111410902114,0.0430328570939117
"Hertford",2018,0.0342739380362653,0.0206264001014413,0.0563009848260704
"Hoke",2018,0.0207744485428384,0.0138594697246366,0.0305857862829596
"Hyde",2018,0.0289969598470363,0.0166347992351816,0.048565965583174
"Iredell",2018,0.0325677238209992,0.0217556813405442,0.0463818757530753
"Jackson",2018,0.0377558820135251,0.0212569529392757,0.0611864426339234
"Johnston",2018,0.0234352115455779,0.0164793388429752,0.0328164549155051
"Jones",2018,0.0342149112794438,0.0215834803362042,0.0516758327280274
"Lee",2018,0.0440236721343488,0.0290466542992905,0.0651085399986982
"Lenoir",2018,0.0285709536229813,0.0189362405316564,0.0416249821352008
"Lincoln",2018,0.0340148143726871,0.0219168556762564,0.0508421869404321
"Macon",2018,0.0295965849511124,0.0181663596429078,0.0452047612299844
"Madison",2018,0.0315706382392133,0.0172310802738593,0.0525662822221201
"Martin",2018,0.0337253936747387,0.0187023069119139,0.0565050063958361
"McDowell",2018,0.0377363614388995,0.0253362120113389,0.0547388313885776
"Mecklenburg",2018,0.0176649359494141,0.0109570701553431,0.0266239815120381
"Mitchell",2018,0.0593778266666667,0.0372666666666667,0.0927333333333333
"Montgomery",2018,0.041401598767922,0.0284918044809505,0.0590379890726413
"Moore",2018,0.0335378539145944,0.0244928153057295,0.0454695385176628
"Nash",2018,0.0235081975408441,0.01581619086113,0.0334948306671205
"New Hanover",2018,0.0441897177471435,0.0255851924881821,0.0749896673755995
"Northampton",2018,0.0197625025411669,0.0115864504980687,0.0322219963407197
"Onslow",2018,0.0273887537117506,0.0171888832120112,0.0411423845247189
"Orange",2018,0.0228721065282448,0.0151134721661063,0.0340972902271498
"Pamlico",2018,0.0460779400157853,0.0259668508287293,0.0767975532754538
"Pasquotank",2018,0.0308776381846162,0.0149095587678801,0.0594111859532279
"Pender",2018,0.0369093578070204,0.0254335446092468,0.0520575271065924
"Perquimans",2018,0.024216718819848,0.0116972135300253,0.046043808672329
"Person",2018,0.0429949527931759,0.028348773635052,0.0636849165970587
"Pitt",2018,0.0315215819780562,0.0218936547461565,0.0449272985982191
"Polk",2018,0.027425287467857,0.0145068167483383,0.0474989083499102
"Randolph",2018,0.04115259049466,0.0286288550480987,0.056596745052354
"Richmond",2018,0.0447612627264019,0.0318354980283824,0.062401697596186
"Robeson",2018,0.0382288634691385,0.0261167707140202,0.0537128975734084
"Rockingham",2018,0.038647515712868,0.0256478112250524,0.0563681221744404
"Rowan",2018,0.0430146989282326,0.0284436012515751,0.0627842236411774
"Rutherford",2018,0.0283881273755724,0.0172683536348128,0.0428729087480921
"Sampson",2018,0.0199412912960111,0.0136422217332537,0.0280702857322478
"Scotland",2018,0.0328927377190463,0.022234989945418,0.0485779948290721
"Stanly",2018,0.0461380217478856,0.0315908175594039,0.0646318968989126
"Stokes",2018,0.0378068643191765,0.023643521675061,0.0563045725471221
"Surry",2018,0.0443774934675043,0.0280754850725524,0.0649079891032412
"Swain",2018,0.0590114285714286,0.0357318357318357,0.0942102492102492
"Transylvania",2018,0.0380559842174485,0.0230593307029081,0.0594790296653514
"Tyrrell",2018,0.0212448075526507,0.0101670297748729,0.0399419026870007
"Union",2018,0.0190363302643403,0.0118687157705546,0.0287952294962443
"Vance",2018,0.0461221726257234,0.0299672513570499,0.0697820869409179
"Wake",2018,0.0168040433761633,0.0120313694435162,0.0235640228690705
"Warren",2018,0.0263604483263493,0.0165598020901701,0.039682940374615
"Washington",2018,0.0277163757483768,0.0165275318323636,0.0440172021249684
"Watauga",2018,0.0176649995531325,0.0105813745643042,0.0277071230672982
"Wayne",2018,0.0257209561209918,0.0175662079709204,0.0377125795144749
"Wilkes",2018,0.0518097991452368,0.0346423414093382,0.0747848505623058
"Wilson",2018,0.0222527739242527,0.0148179976674237,0.032546498066417
"Yadkin",2018,0.0399973869962443,0.0255433769277895,0.058865833843859
"Yancey",2018,0.0471415014243423,0.0287102720214489,0.0731162375020946
"Alamance",2019,0.0217509382982615,0.0146480422868402,0.0310725389212372
"Alexander",2019,0.0293104141664666,0.0207216577326186,0.0418966850681388
"Alleghany",2019,0.0161122744006465,0.00978719583370746,0.026129119152375
"Anson",2019,0.0161591180561237,0.010308434917778,0.0244211731980692
"Ashe",2019,0.0250051758997169,0.016579053780833,0.038451641363085
"Avery",2019,0.0292347211938258,0.0210172580737028,0.0418066867915931
"Beaufort",2019,0.0561552751415074,0.0381958335106609,0.0817551176745968
"Bertie",2019,0.0226787248640946,0.0141447194806566,0.0355201351137383
"Bladen",2019,0.0371451225475215,0.0259458468308783,0.052319540370393
"Brunswick",2019,0.0344919941184708,0.0229307870046212,0.0505254866265229
"Buncombe",2019,0.0274075998024434,0.0180938470314827,0.0437776378205987
"Burke",2019,0.0325253533734873,0.0233519367851025,0.0465499806597779
"Cabarrus",2019,0.0220108919719292,0.015065395259017,0.0314341912563004
"Caldwell",2019,0.0265463250505001,0.0187641461218331,0.0378455912774708
"Camden",2019,0.0189957301923254,0.00892610656114843,0.0364405999815957
"Carteret",2019,0.0395178443424064,0.0252616124249709,0.0604263526837764
"Caswell",2019,0.0223704654043532,0.014156786409485,0.034241727127942
"Catawba",2019,0.0247285062456519,0.0170099215924689,0.0356501996226912
"Chatham",2019,0.0155256156841681,0.0106754397744058,0.0217809184906674
"Cherokee",2019,0.0271779253460087,0.0144694533762058,0.0515876205787781
"Chowan",2019,0.0292126084773722,0.0148461593631213,0.0540773147816108
"Clay",2019,0.019221948179147,0.00952720149585967,0.0403370136230077
"Cleveland",2019,0.0205662286746914,0.0140175298886132,0.0300879557311607
"Columbus",2019,0.046996023996541,0.0332744829574115,0.0655765835555235
"Craven",2019,0.0394928567931936,0.0263856117643603,0.0585679808887888
"Cumberland",2019,0.0267090826177539,0.0188131316894629,0.0372807435866102
"Currituck",2019,0.0294784353275943,0.0139394157691892,0.0564780463206426
"Dare",2019,0.0465990488800022,0.0241833067632198,0.0842788240698208
"Davidson",2019,0.0289561443597897,0.0206015190115089,0.0399980013006461
"Davie",2019,0.0208628436726882,0.01437707137189,0.0301084115203286
"Duplin",2019,0.0158375870346096,0.0104186173201001,0.0231524829335558
"Durham",2019,0.0194433742472503,0.0131451251679689,0.0273013300651968
"Edgecombe",2019,0.0283986419801057,0.0186703450419646,0.0420039050357476
"Forsyth",2019,0.0211715361173963,0.0146927765207497,0.0301472684706836
"Franklin",2019,0.0259188017507355,0.0176652077204563,0.0369950491497453
"Gaston",2019,0.0269726097742385,0.0184519594350841,0.0396122549871063
"Gates",2019,0.0280135097733956,0.0146168482961425,0.0502508216571527
"Graham",2019,0.0408605615448407,0.0241677526359436,0.0734569363819452
"Granville",2019,0.0248149264596397,0.0166272355773208,0.0359020068494284
"Greene",2019,0.0176662679766482,0.0112962171911339,0.0268178366320186
"Guilford",2019,0.0183216821737463,0.0121077621031547,0.026280264867622
"Halifax",2019,0.0315790781843631,0.0211152769446111,0.0459713057388522
"Harnett",2019,0.0276575123551215,0.0194370697770195,0.038662521327293
"Haywood",2019,0.0348204518831138,0.0233961037919027,0.054688126835374
"Henderson",2019,0.0172689533883509,0.0110290673411857,0.028070892630539
"Hertford",2019,0.0410500739113908,0.0249609325505765,0.0654643747096338
"Hoke",2019,0.0188554441105116,0.0124923054640258,0.0276460151356049
"Hyde",2019,0.0235609074336642,0.0127607859023699,0.0413206400648167
"Iredell",2019,0.0216884019229288,0.0156592741713695,0.0298945029316964
"Jackson",2019,0.0266259228913469,0.0162951203969229,0.0457235195047567
"Johnston",2019,0.0214379962644323,0.0151332288775622,0.0298847801890713
"Jones",2019,0.0319313621403546,0.0204904979297165,0.0485189510563754
"Lee",2019,0.037702460382978,0.0251541786043801,0.0558927790996941
"Lenoir",2019,0.0300074550036641,0.0200892777350802,0.043075390087401
"Lincoln",2019,0.0224432813461695,0.0157471170930543,0.0322490738697727
"Macon",2019,0.0215860812092141,0.0144730604049306,0.0327681410006135
"Madison",2019,0.0229668627901632,0.0132383360147093,0.0407733854286371
"Martin",2019,0.0237783734402852,0.014349376114082,0.0401080659536542
"McDowell",2019,0.0409913475828307,0.0277340676632573,0.0592933167234898
"Mecklenburg",2019,0.0112750275587289,0.00728410527794689,0.0168451154404533
"Mitchell",2019,0.043801216252339,0.0317428495054798,0.0644897754611066
"Montgomery",2019,0.0361302358959261,0.0253928531998675,0.0505290177749972
"Moore",2019,0.031303169111816,0.0229279837430611,0.0422883624107851
"Nash",2019,0.023170027996352,0.0159706462491251,0.0332141190693334
"New Hanover",2019,0.0378098744844822,0.0234179415113894,0.058411949350245
"Northampton",2019,0.0160409998460196,0.00944413078068059,0.0259713596468716
"Onslow",2019,0.0234587668866009,0.0152218118804878,0.034419868847821
"Orange",2019,0.0169266595274657,0.0111735229936151,0.0246169414585522
"Pamlico",2019,0.0428377337733773,0.0234952066635235,0.0729235423542354
"Pasquotank",2019,0.0395634014664524,0.0204901566894335,0.072672885697067
"Pender",2019,0.0325228385664447,0.0231521566761814,0.044703853472883
"Perquimans",2019,0.0192449305503974,0.00928284929064845,0.0366188813785932
"Person",2019,0.034057703216004,0.0228152696885287,0.0496074955684984
"Pitt",2019,0.0344633234112713,0.0242277666508061,0.0479689280853371
"Polk",2019,0.0182968345879174,0.0109534838834202,0.0316541208260953
"Randolph",2019,0.0317308212741966,0.022252674587762,0.0441787258034204
"Richmond",2019,0.0434457360190948,0.0319207432688661,0.0592256128845167
"Robeson",2019,0.0447709037320574,0.0310574162679426,0.0637399043062201
"Rockingham",2019,0.0311724107240963,0.0211622349192396,0.0452150862542578
"Rowan",2019,0.0312974192049997,0.0218521268509656,0.0439877048026575
"Rutherford",2019,0.0192230721031195,0.0130988079786361,0.0293458801414313
"Sampson",2019,0.0190311706096237,0.0131585367773213,0.0269163872755033
"Scotland",2019,0.0353086149958361,0.0243510036470149,0.0507136088217557
"Stanly",2019,0.0327027385918543,0.0230547240709486,0.0454904786166927
"Stokes",2019,0.0271196924831655,0.0181395450856529,0.0402272378320283
"Surry",2019,0.0302129403897859,0.0205898332474263,0.0440776367663653
"Swain",2019,0.0470285263821736,0.0316726228014855,0.0760300609627916
"Transylvania",2019,0.028477388396103,0.0182630507488731,0.0463290679075178
"Tyrrell",2019,0.0202487549800797,0.00946215139442231,0.039093625498008
"Union",2019,0.0124984820248563,0.00816729828774405,0.0183860101142755
"Vance",2019,0.0414410598405748,0.0267205568653868,0.0636808128438307
"Wake",2019,0.0144971759218033,0.010137925327476,0.0195528085622719
"Warren",2019,0.0235231817951447,0.0149004105215144,0.0361360295980944
"Washington",2019,0.0260822366148532,0.0156303972366149,0.0422279792746114
"Watauga",2019,0.0142743097709027,0.00923865638962565,0.0220374886519394
"Wayne",2019,0.0242097790158449,0.0165027491046122,0.0348981978543178
"Wilkes",2019,0.0377671768110858,0.027246681868678,0.0526961644155996
"Wilson",2019,0.023714362905099,0.0159166758352587,0.0344745174264373
"Yadkin",2019,0.030560158759657,0.0215042344758011,0.0435659861417156
"Yancey",2019,0.0341109026509491,0.0232442304499419,0.0519121146715369
"Alamance",2020,0.0160246989835348,0.010837182686465,0.0236036139674
"Alexander",2020,0.0271194922260448,0.0194148865242553,0.0388564418486812
"Alleghany",2020,0.0162454431175361,0.0105953129208943,0.0253210020651881
"Anson",2020,0.0118049005972347,0.00744395811175653,0.018530638959339
"Ashe",2020,0.0235290850273867,0.0163952505238393,0.035437267948388
"Avery",2020,0.0285308367033092,0.0210742154126559,0.0404966679956712
"Beaufort",2020,0.0451689662510108,0.0314928501510831,0.0641358471294208
"Bertie",2020,0.0207602153375205,0.0130891434000106,0.0321422916556711
"Bladen",2020,0.0335474115274128,0.0226453150785404,0.0493551738891266
"Brunswick",2020,0.0258783524716426,0.0165171194510573,0.0406676235821313
"Buncombe",2020,0.0243751572603957,0.0161717861641481,0.0400900107584105
"Burke",2020,0.0284508404707963,0.0201027794662099,0.0413659722605957
"Cabarrus",2020,0.0173603096284182,0.0117531288547629,0.0254975676012806
"Caldwell",2020,0.0257126530214899,0.0185934800068145,0.0369807004307722
"Camden",2020,0.0142011410692924,0.00680960706726787,0.0269646636606239
"Carteret",2020,0.0299912613533315,0.0187119456479496,0.0472993105235127
"Caswell",2020,0.0164960139798266,0.0103963900194656,0.0253063617058927
"Catawba",2020,0.0226702533985998,0.0157502930097586,0.0334002920696204
"Chatham",2020,0.0127538713575937,0.00862092117631261,0.0183966697999194
"Cherokee",2020,0.0291200650076891,0.0164616244932196,0.0536138683070041
"Chowan",2020,0.0281225632934089,0.014630997633221,0.0509216094097397
"Clay",2020,0.0198279583296234,0.0101504763600748,0.0380197667171223
"Cleveland",2020,0.0184558107956344,0.012680327115685,0.0275049261335212
"Columbus",2020,0.0373172839950998,0.0253657130503711,0.0556140556316207
"Craven",2020,0.028719261986117,0.0190424323715721,0.0416398241611921
"Cumberland",2020,0.0209232145784465,0.0142618379834818,0.0309444754090054
"Currituck",2020,0.0264801930627094,0.0129659979108886,0.0508239383351943
"Dare",2020,0.0358155718879192,0.0199681158637088,0.0649848685454889
"Davidson",2020,0.0243139914921036,0.0171648002195586,0.0346699759559451
"Davie",2020,0.0182760327685198,0.0124632404425151,0.0269342529057555
"Duplin",2020,0.0127252617422243,0.00830765564086413,0.0191012240172963
"Durham",2020,0.0160316447270194,0.0106971333300154,0.0229497679540138
"Edgecombe",2020,0.0244271040565744,0.0158921355299969,0.0361949215107243
"Forsyth",2020,0.0157177465046626,0.0110410154461868,0.0226818294772362
"Franklin",2020,0.0176524460070316,0.0117098371242018,0.0257731219057186
"Gaston",2020,0.0232264308842065,0.01566824330042,0.0358618485808069
"Gates",2020,0.0161288790866632,0.0081279190451479,0.0294931672720983
"Graham",2020,0.0461310034356119,0.0276033645302689,0.080683568297595
"Granville",2020,0.0190707658455073,0.0125899607895042,0.0279602269907185
"Greene",2020,0.0165578385305425,0.0102520290474156,0.0254402202287721
"Guilford",2020,0.0133296056771177,0.00892048014237472,0.0197035318165064
"Halifax",2020,0.0244262807438512,0.0161962607478504,0.0358928214357129
"Harnett",2020,0.0205239843795964,0.0139215743954816,0.029652843148791
"Haywood",2020,0.0289800150841664,0.0200266379960524,0.0471324036779691
"Henderson",2020,0.0168539615217558,0.0109098341807404,0.0280883517718899
"Hertford",2020,0.0318789162478355,0.0198927228956371,0.0500063352620687
"Hoke",2020,0.0144082666473549,0.00941449107433827,0.0217257486330883
"Hyde",2020,0.018362426574843,0.0101276078590237,0.0320032408345149
"Iredell",2020,0.0184371148366941,0.013403985567033,0.0258135045048018
"Jackson",2020,0.0263755837771405,0.0160680959533889,0.0454054576903819
"Johnston",2020,0.0152320795456174,0.0103086381419611,0.0216920879530331
"Jones",2020,0.0244235056800085,0.0155005839261068,0.0369492515128994
"Lee",2020,0.031716500752683,0.0208323216627009,0.0480749931206397
"Lenoir",2020,0.0211996907898264,0.0139233945200093,0.0308495236733454
"Lincoln",2020,0.0194977540616181,0.0135755013877437,0.0287884242431281
"Macon",2020,0.0199971387138156,0.0134419097551453,0.0309275475486642
"Madison",2020,0.0235146081360607,0.0141116984601241,0.0405435532061595
"Martin",2020,0.0205508600713012,0.0123440285204991,0.0363647504456328
"McDowell",2020,0.0323919223708366,0.0222265932336743,0.046726658798846
"Mecklenburg",2020,0.00907764311626181,0.00595392378660538,0.0140072868521447
"Mitchell",2020,0.0442552793370756,0.0326116011761561,0.065091218925421
"Montgomery",2020,0.027832385088139,0.0195037353255069,0.0399293416258786
"Moore",2020,0.0234150525376685,0.0169508326724822,0.0329800257731959
"Nash",2020,0.0176519724702539,0.0117817981293347,0.0254302848416721
"New Hanover",2020,0.027364189906727,0.0160912983584464,0.0436855202944475
"Northampton",2020,0.0087221013190987,0.00482471898578248,0.0146281373505107
"Onslow",2020,0.0192607988359992,0.0124431640210571,0.0293628560458325
"Orange",2020,0.0125034436541933,0.00825722675718635,0.018326194132385
"Pamlico",2020,0.0331340326889832,0.0185447116140185,0.0546911834040547
"Pasquotank",2020,0.0353762505022097,0.0187569053836882,0.0633047910807553
"Pender",2020,0.0234279321281319,0.016127497621313,0.0341583412622899
"Perquimans",2020,0.033751793805244,0.0172324147663968,0.0602391740325336
"Person",2020,0.0274922512028362,0.018840212712079,0.0398081792858952
"Pitt",2020,0.0235953165285324,0.0160836994168483,0.0335790795719866
"Polk",2020,0.0158700540436209,0.00945763366145532,0.0282776008492569
"Randolph",2020,0.0241416637084369,0.0168514690221136,0.0348864039758608
"Richmond",2020,0.040316395636753,0.0294452251890517,0.0557903366124607
"Robeson",2020,0.0392511900478469,0.0269548325358852,0.0574321531100478
"Rockingham",2020,0.0253083430392265,0.01721788814416,0.0374796725634546
"Rowan",2020,0.0254555528967964,0.0175732644558302,0.036892981814087
"Rutherford",2020,0.018403411956019,0.0123976189410554,0.0290769666860613
"Sampson",2020,0.0160846531614487,0.0109710220207458,0.0234216366813052
"Scotland",2020,0.0308858915084858,0.0212790397151308,0.0448848462223243
"Stanly",2020,0.026117840652167,0.018421806833742,0.0371783746775786
"Stokes",2020,0.0229402360114935,0.015178434340111,0.0345029720778224
"Surry",2020,0.0257754774807406,0.0179986904977502,0.0363735146204533
"Swain",2020,0.0494192838623783,0.0339149323803518,0.0792551327867703
"Transylvania",2020,0.0248873142358587,0.0165769957830449,0.0408899229315108
"Tyrrell",2020,0.0204255976095618,0.0099601593625498,0.0388446215139442
"Union",2020,0.0101238581833494,0.00667475475174999,0.0153800774621757
"Vance",2020,0.0347332075895363,0.0227461547097788,0.0528797574941058
"Wake",2020,0.0112363150893043,0.00748449981605759,0.0158183278600347
"Warren",2020,0.0187949723784907,0.0116061020728802,0.0294460493639451
"Washington",2020,0.0202263039723661,0.0120898100172712,0.0321243523316062
"Watauga",2020,0.0120413977250476,0.00777898428182352,0.0184243551631451
"Wayne",2020,0.0154361955965598,0.0103546223128213,0.0222204400191666
"Wilkes",2020,0.0352609015962112,0.0262527042039408,0.0482521341285155
"Wilson",2020,0.0183356548208457,0.0124692852165621,0.0263936259947922
"Yadkin",2020,0.0263885416943213,0.0186901000876098,0.0380970079910797
"Yancey",2020,0.0347675023520947,0.0240743815374398,0.0552894460125076
"Alamance",2021,0.0134966762826753,0.00910261402049449,0.0196333233043673
"Alexander",2021,0.0256392618076113,0.018188121716404,0.0373363202389524
"Alleghany",2021,0.0146243063661668,0.00960761425877705,0.0228068600161623
"Anson",2021,0.0106160721590444,0.00658594453080258,0.0168125664730426
"Ashe",2021,0.0217698121530714,0.0149615851192883,0.0327169797448811
"Avery",2021,0.0299923050635074,0.0219855328359059,0.0424346414535513
"Beaufort",2021,0.0346353598331702,0.0253649402051326,0.0474528663233604
"Bertie",2021,0.0138709505462606,0.00881406027339421,0.0214809732411464
"Bladen",2021,0.0265879163865289,0.01812236415867,0.0387201271315934
"Brunswick",2021,0.0199939952387621,0.0135063366475284,0.0312141156700742
"Buncombe",2021,0.0252006895337129,0.0167229154143902,0.0394663292379906
"Burke",2021,0.0277022887771454,0.0187876443609438,0.0401837321102945
"Cabarrus",2021,0.0142142585226354,0.00929532046217886,0.0217184562006533
"Caldwell",2021,0.0267457932780063,0.0186424590523011,0.0390010100026771
"Camden",2021,0.00671120824514585,0.00312873838225821,0.0132511272660348
"Carteret",2021,0.020777470384178,0.0137175593395996,0.031883969311819
"Caswell",2021,0.0126660591045833,0.0081401521854539,0.0192443815253937
"Catawba",2021,0.023875219208905,0.0158569987026092,0.0357695971820922
"Chatham",2021,0.0102579602524507,0.00687525177923996,0.0149459513898214
"Cherokee",2021,0.04020523207046,0.0225429889556829,0.0733983992730323
"Chowan",2021,0.0153992827942337,0.00846302804274546,0.0267517750842717
"Clay",2021,0.0195337725937138,0.0105066334253406,0.0370403347876413
"Cleveland",2021,0.0186690618395663,0.0126599079093796,0.0279845222416205
"Columbus",2021,0.031799760394898,0.0219788138646682,0.0473445269150393
"Craven",2021,0.0217178707447694,0.0147152409951145,0.031711931779242
"Cumberland",2021,0.0159450935742409,0.0104585868039307,0.0233229958063718
"Currituck",2021,0.0150037459928682,0.00778013903396607,0.0284911572956813
"Dare",2021,0.0239122402658813,0.014049960820341,0.0417479532005728
"Davidson",2021,0.0199880609036508,0.0134655656915798,0.029240971546874
"Davie",2021,0.0169378961863418,0.0112256686738552,0.0251832143023853
"Duplin",2021,0.0104199128377113,0.00687764934202686,0.0155087587885804
"Durham",2021,0.0133471830985916,0.0088868013736127,0.0195812907480217
"Edgecombe",2021,0.0178054243083618,0.0121230960522226,0.0258975753807896
"Forsyth",2021,0.0132224619730836,0.00880981964189958,0.0196262048941263
"Franklin",2021,0.0133194805194805,0.00904032431656741,0.0191432876515749
"Gaston",2021,0.02092909423727,0.0138242721430194,0.0316352230669535
"Gates",2021,0.00929334025255146,0.00484345268984605,0.0167791039612524
"Graham",2021,0.0495878213481815,0.0292619357895984,0.088144177230186
"Granville",2021,0.0144621263008123,0.00956272852108598,0.0212108929073673
"Greene",2021,0.0116365703165789,0.00735678010346955,0.0178935877355356
"Guilford",2021,0.0114613317100232,0.0075841347496342,0.0171696694181029
"Halifax",2021,0.0156197340531894,0.0107978404319136,0.0224555088982204
"Harnett",2021,0.0155018510619521,0.0105753956580573,0.0225260340060011
"Haywood",2021,0.0307533786928126,0.0202508946194457,0.0498258902065247
"Henderson",2021,0.0172189044175886,0.0110203377705102,0.0282163145030106
"Hertford",2021,0.020416788444482,0.0135996959074207,0.0313806647801664
"Hoke",2021,0.0109993771952059,0.00700655393417098,0.016693069486186
"Hyde",2021,0.0152748430220782,0.00891229491594086,0.0255215718047397
"Iredell",2021,0.0176642151524152,0.0124363332343267,0.0252523294060702
"Jackson",2021,0.026621607719969,0.015954299239838,0.045382129364104
"Johnston",2021,0.0117256416625665,0.00802526046269448,0.0168818280396868
"Jones",2021,0.0207651555366812,0.0140142265633294,0.0308949994691581
"Lee",2021,0.0243688259764645,0.0161381699282928,0.0365662280062804
"Lenoir",2021,0.0142883161450607,0.00949033941625409,0.0209838424279254
"Lincoln",2021,0.0201742913216662,0.013551985228368,0.029589715599633
"Macon",2021,0.0240259969881198,0.0158402587985945,0.0373703218249763
"Madison",2021,0.0303611399678235,0.0185704435761894,0.0516674327740749
"Martin",2021,0.021150298573975,0.0127005347593583,0.0359625668449198
"McDowell",2021,0.026605264883294,0.0190352084972463,0.0372628726287263
"Mecklenburg",2021,0.00793503723130239,0.00505151050654025,0.0125141396092785
"Mitchell",2021,0.0482431769580326,0.0350173750334135,0.0711708099438653
"Montgomery",2021,0.0247653921171751,0.0167068413498694,0.0364700253928532
"Moore",2021,0.0183719121728787,0.0130945182394925,0.0256938937351308
"Nash",2021,0.014477878640056,0.0100532354874971,0.020668518950561
"New Hanover",2021,0.0199776584084308,0.0126368494453519,0.0318887462522337
"Northampton",2021,0.00848082944105117,0.0052353333675512,0.0134989478006467
"Onslow",2021,0.015117975325607,0.00972021542099041,0.0231336327536905
"Orange",2021,0.0103984920121771,0.0068630620436973,0.0149855868961987
"Pamlico",2021,0.0224477369165488,0.0135156372780135,0.0369322646550369
"Pasquotank",2021,0.0226075482121334,0.0126556850140619,0.0401516673362796
"Pender",2021,0.0190769251506502,0.0133519663812242,0.0275142721217888
"Perquimans",2021,0.019729250538513,0.010770259228998,0.0353580182723018
"Person",2021,0.0216796910610281,0.0154469485945809,0.0306153456571284
"Pitt",2021,0.0168290026667847,0.0118897378583838,0.0235198515010346
"Polk",2021,0.0156088399922795,0.00931287396255549,0.0271665701602007
"Randolph",2021,0.0197871786840402,0.0137329727773253,0.0281903638274621
"Richmond",2021,0.0365023868477994,0.0261655401637333,0.0513283811818243
"Robeson",2021,0.0314266135885167,0.021933014354067,0.045986985645933
"Rockingham",2021,0.0214210328535326,0.0147014064388529,0.0311729480276893
"Rowan",2021,0.0221528883508811,0.0148075488429706,0.0334164391081583
"Rutherford",2021,0.0202631189485148,0.0132927538826478,0.0316881499052649
"Sampson",2021,0.0127714438620516,0.00862571028316885,0.0186995325116872
"Scotland",2021,0.0268817878988025,0.0184648077420096,0.0394861154983775
"Stanly",2021,0.020268116103557,0.0139158679107092,0.0296313250326402
"Stokes",2021,0.0193361979338027,0.0125244017459586,0.0292601609966879
"Surry",2021,0.0235901815193012,0.016423805079197,0.0343953303707006
"Swain",2021,0.0496818092635414,0.0336346436829935,0.078903020110714
"Transylvania",2021,0.0266630478406282,0.0175657990402792,0.0425185400610731
"Tyrrell",2021,0.0156495019920319,0.00821713147410359,0.0283926792828684
"Union",2021,0.00860527685014946,0.00547394510941845,0.0135121050283708
"Vance",2021,0.0244392051195689,0.016818232850567,0.0357920736499382
"Wake",2021,0.00856052388957699,0.00586636876091174,0.0122240076779092
"Warren",2021,0.0123119811464193,0.00790634027672191,0.0188028989914348
"Washington",2021,0.0172643868739206,0.0109671848013817,0.0267724525043178
"Watauga",2021,0.0123490983854602,0.00801039571354825,0.0187977286077932
"Wayne",2021,0.0114882434155493,0.0078450999342164,0.0165677205577799
"Wilkes",2021,0.0332321244810852,0.0247906069110682,0.0450505759223528
"Wilson",2021,0.0141612571973448,0.0100610016992457,0.0200731042407795
"Yadkin",2021,0.0238334961637508,0.0164859160538402,0.0346198263732179
"Yancey",2021,0.0364921855110963,0.0247385024074382,0.0565609607615253
