"county","year","mean","lwr95","upr95"
"Alamance",2016,0.0867240444151812,0.0621912343402316,0.116939382425122
"Alexander",2016,0.0729822099443965,0.049819315314403,0.10413052620724
"Alleghany",2016,0.039197106409162,0.0223666833904187,0.0635254530152266
"Anson",2016,0.0738502871263403,0.047365724076665,0.109218520399707
"Ashe",2016,0.0723643973175887,0.0467642946658014,0.107145417187907
"Avery",2016,0.0715921750175996,0.0472189907852417,0.102904786279433
"Beaufort",2016,0.118936041487244,0.0776819758498502,0.173825468680558
"Bertie",2016,0.072463705031957,0.0444496851938851,0.111022003504461
"Bladen",2016,0.0818414602084638,0.054148631633108,0.119273201705044
"Brunswick",2016,0.0940995318050461,0.0590348417636502,0.141652614058796
"Buncombe",2016,0.075084016014365,0.0497984590766283,0.107214537450458
"Burke",2016,0.115434403968962,0.0816269914519757,0.155127250407155
"Cabarrus",2016,0.0722423648464464,0.0528827531051728,0.0977057253506292
"Caldwell",2016,0.112927105457022,0.080671629678097,0.154115229961262
"Camden",2016,0.0631018745386141,0.032274370996429,0.112071351867583
"Carteret",2016,0.105193415592622,0.0654086947532466,0.15760539055195
"Caswell",2016,0.114963819654955,0.0747286556002944,0.168254017592801
"Catawba",2016,0.0915924214004811,0.0657158377225934,0.125332529005587
"Chatham",2016,0.0905754505540245,0.0635964678270108,0.125011093286037
"Cherokee",2016,0.0655391879490732,0.0354078609159284,0.110839388723002
"Chowan",2016,0.0304677855642937,0.015005505847117,0.0560269552073119
"Clay",2016,0.0570226753971523,0.0277570073094695,0.105105830537746
"Cleveland",2016,0.106025144225016,0.0729151965391963,0.147961880860904
"Columbus",2016,0.0901531541837549,0.0596304570523288,0.131487119058206
"Craven",2016,0.127032473462842,0.0832721992787014,0.186380505502681
"Cumberland",2016,0.0670707356872111,0.0476647395217409,0.090635844940267
"Currituck",2016,0.077825356801072,0.0409763871197683,0.13685296840539
"Dare",2016,0.0897422637315677,0.0512006954800455,0.145738120624859
"Davidson",2016,0.0906415465692743,0.067060442806505,0.120713913048057
"Davie",2016,0.074743300723142,0.0517609914488876,0.105001076426334
"Duplin",2016,0.0568154549277412,0.0362488205756998,0.0848276397822928
"Durham",2016,0.0952959848094153,0.0669615537278899,0.132039726379236
"Edgecombe",2016,0.0852910289035059,0.0550673351638237,0.12538008842163
"Forsyth",2016,0.0797441236225063,0.0594083132596139,0.107201859471178
"Franklin",2016,0.0867432423016639,0.057809256399127,0.125196770022451
"Gaston",2016,0.0933414361399964,0.0656214045458589,0.131550587009488
"Gates",2016,0.0593563568560768,0.0315526637672263,0.104527478210614
"Graham",2016,0.0238111457100767,0.0116146397102688,0.0427989261682279
"Granville",2016,0.100485676297124,0.0668343995616736,0.144785583088569
"Greene",2016,0.0774405308493802,0.0471442015184857,0.121469120496124
"Guilford",2016,0.0702798825558107,0.0512549668340676,0.0951972412972739
"Halifax",2016,0.104565756588333,0.068779127551413,0.150815681937883
"Harnett",2016,0.0619990680408871,0.0438845631228428,0.0855522863186759
"Haywood",2016,0.111831434201471,0.0712295579936845,0.163564768687647
"Henderson",2016,0.0506214921807973,0.0325441331269431,0.0746096335745746
"Hertford",2016,0.0643551384164019,0.0368607455708889,0.103471317071043
"Hoke",2016,0.0693944965565966,0.0458452211840723,0.100272946061491
"Hyde",2016,0.0744092474626466,0.0416203169506465,0.124204821581854
"Iredell",2016,0.0745533901023718,0.0549209690523111,0.0982828729132606
"Jackson",2016,0.0702678229074127,0.0421652411152181,0.110555323473787
"Johnston",2016,0.087831099193925,0.0602926081600487,0.124759146621989
"Jones",2016,0.101463093440031,0.0626531249978513,0.156142321966356
"Lee",2016,0.0658076521315212,0.0439232613195891,0.0932974029924191
"Lenoir",2016,0.085868178751027,0.0560796910237159,0.12704654378817
"Lincoln",2016,0.0880445049724156,0.0627929391405931,0.119369750457741
"Macon",2016,0.077709341984008,0.0506242140593775,0.110368751079062
"Madison",2016,0.026601850965774,0.0138911037667532,0.0465773411233441
"Martin",2016,0.0762109388460799,0.0459773099807144,0.117837493335743
"McDowell",2016,0.147645344994507,0.0974683422182219,0.213691217672413
"Mecklenburg",2016,0.0564056015611727,0.0400209423448069,0.076192985108853
"Mitchell",2016,0.069668561151439,0.0431724361994604,0.102673045912345
"Montgomery",2016,0.0912078832386864,0.0633252133211528,0.125920490055961
"Moore",2016,0.0897203495393525,0.0650047252900212,0.118521901506359
"Nash",2016,0.0826021209986231,0.0559311615976271,0.119481669628512
"New Hanover",2016,0.0838516410396827,0.048535998328601,0.132391410601476
"Northampton",2016,0.0780237122491146,0.0464127217555638,0.122222638576934
"Onslow",2016,0.0730693708391748,0.046893207732887,0.10986792331986
"Orange",2016,0.0920377338602874,0.0632404268295665,0.127293975161424
"Pamlico",2016,0.17011486456445,0.0980579865945563,0.271136254921307
"Pasquotank",2016,0.0780881680423488,0.0423339264572306,0.133509929774193
"Pender",2016,0.0699180514065727,0.0462800164177473,0.100009986464515
"Perquimans",2016,0.0583226231540122,0.0298399820427514,0.105477117357491
"Person",2016,0.101685817981488,0.0683927255942203,0.144129770724508
"Pitt",2016,0.113771257127513,0.0770178795942017,0.161332395872412
"Polk",2016,0.0371661515991163,0.0212808894644435,0.0603382739179832
"Randolph",2016,0.102233721016122,0.0743091050316461,0.135367679526624
"Richmond",2016,0.11650728788239,0.0833565643690457,0.157103383592027
"Robeson",2016,0.10623930106549,0.0733791688085268,0.147624616787571
"Rockingham",2016,0.0856952388238292,0.0604944790526081,0.120197664772506
"Rowan",2016,0.0969848897422303,0.0715678343582269,0.129889657865836
"Rutherford",2016,0.0697962108994508,0.0467019264779018,0.099333155403591
"Sampson",2016,0.0538893226806291,0.0358439046783972,0.0775473548669604
"Scotland",2016,0.10287581084595,0.0682955567773079,0.147914864597106
"Stanly",2016,0.0824178251487071,0.0596926954978186,0.110628525587173
"Stokes",2016,0.102140953980993,0.0698102332537605,0.145988722111329
"Surry",2016,0.0994596927894733,0.0704123835229276,0.13728867345197
"Swain",2016,0.0433525658526412,0.0252148384340606,0.0689148926101946
"Transylvania",2016,0.0608965584707028,0.0374612413967172,0.0915024564539029
"Tyrrell",2016,0.0662728683075007,0.0322347538208604,0.120492936183087
"Union",2016,0.0684241691353872,0.0479920591729561,0.0942728032914553
"Vance",2016,0.142849311158574,0.0917160877130579,0.212724576741859
"Wake",2016,0.0548592755599363,0.0390162765599887,0.075216738951796
"Warren",2016,0.0901604648839348,0.0555402296399353,0.137428867680165
"Washington",2016,0.0476433062657126,0.027314610773613,0.0761891206040526
"Watauga",2016,0.0706086784347267,0.046702460684354,0.102516097884789
"Wayne",2016,0.0831808785507789,0.0548083517090554,0.118783521110964
"Wilkes",2016,0.108743358641054,0.079674736630578,0.145765078726764
"Wilson",2016,0.0813514772638084,0.0535290178699553,0.116743402404113
"Yadkin",2016,0.112518978949116,0.0784628129238535,0.15572592483717
"Yancey",2016,0.0590889041012389,0.0368297815586406,0.0885564467945875
"Alamance",2017,0.115289257960632,0.0761892847048789,0.161047224405622
"Alexander",2017,0.113894990939326,0.0718419196009938,0.172110470299903
"Alleghany",2017,0.0811245532515884,0.0426757925776032,0.136845366727196
"Anson",2017,0.0810132540037552,0.0484792040986839,0.128095015337515
"Ashe",2017,0.0985185629089188,0.0556878376218418,0.158578987140251
"Avery",2017,0.0302513298211976,0.0174640476388643,0.0481795242344574
"Beaufort",2017,0.152900188832093,0.0966896525920642,0.229010872228939
"Bertie",2017,0.096919805855374,0.0562388510101711,0.154578438198558
"Bladen",2017,0.104564912866707,0.0658874138891648,0.157537626257137
"Brunswick",2017,0.117220527096474,0.0673409139853602,0.183688333114217
"Buncombe",2017,0.0862166286490287,0.0556720724733392,0.133549906853278
"Burke",2017,0.122317814987529,0.0840450716795927,0.175283862448076
"Cabarrus",2017,0.079546347574158,0.0538778297143213,0.11281021787768
"Caldwell",2017,0.131922959324456,0.0860656138343527,0.192459123177446
"Camden",2017,0.0537615267563114,0.0229207518808852,0.107493273959615
"Carteret",2017,0.154495001933072,0.0900235320917299,0.244199667247553
"Caswell",2017,0.139210397807594,0.0830517412350757,0.212238950189422
"Catawba",2017,0.103876773370045,0.068141408164555,0.150873195833833
"Chatham",2017,0.121669687770742,0.0822055709520025,0.171032574364229
"Cherokee",2017,0.101774790771739,0.0463641274452541,0.195277898244
"Chowan",2017,0.0724401957703869,0.0320315150918123,0.13823601405652
"Clay",2017,0.0294913419748669,0.0111410903365718,0.0632500506993129
"Cleveland",2017,0.123234038820334,0.0785432142316876,0.183975137350202
"Columbus",2017,0.115436599754614,0.0723016151410327,0.173225518542594
"Craven",2017,0.165336190881548,0.105264254006787,0.251099840260941
"Cumberland",2017,0.0973682772437598,0.0660903608283883,0.138294889684708
"Currituck",2017,0.090761286432346,0.0402177608062331,0.175215492710482
"Dare",2017,0.114550576752785,0.0568162501341969,0.203335662207189
"Davidson",2017,0.104701074337679,0.0726243339187869,0.147033279537608
"Davie",2017,0.109921498259745,0.0717638377032018,0.164510750135782
"Duplin",2017,0.0744689706942687,0.045629279977729,0.115416278407966
"Durham",2017,0.135195239310842,0.0890662824880646,0.192154941311875
"Edgecombe",2017,0.118579821556011,0.0737920000775763,0.179675010158335
"Forsyth",2017,0.0933543899500055,0.063039820934854,0.131138525360226
"Franklin",2017,0.126262136250093,0.0801363524727714,0.183617397773177
"Gaston",2017,0.115258475636208,0.0709975720299627,0.17287031261818
"Gates",2017,0.0915557511892733,0.0428123427758555,0.170799475054313
"Graham",2017,0.0844977345035571,0.0387021575750678,0.163233370445323
"Granville",2017,0.146953161071532,0.0910055153435748,0.216448562006883
"Greene",2017,0.126658946298496,0.074386740953721,0.201461419577148
"Guilford",2017,0.0887561240025196,0.0589148212230479,0.126468039861833
"Halifax",2017,0.137515897270469,0.0868760409320059,0.203692343261492
"Harnett",2017,0.0774472795072285,0.0527364308044704,0.109377014796772
"Haywood",2017,0.128351911357244,0.0770050642351577,0.208205889865358
"Henderson",2017,0.0658473532403743,0.0392574235959001,0.106956096197679
"Hertford",2017,0.0946634329841818,0.0498236592674273,0.163473081330576
"Hoke",2017,0.105979056239637,0.0671246516232313,0.156509299120921
"Hyde",2017,0.105270005135013,0.05500435231611,0.183560122258401
"Iredell",2017,0.0854400544548048,0.0591720657639348,0.118203827464343
"Jackson",2017,0.0965145337400536,0.0514897877354687,0.165922333465757
"Johnston",2017,0.12131083329936,0.0805251603308295,0.174071226799934
"Jones",2017,0.124988649033139,0.0738453892140759,0.197989999229249
"Lee",2017,0.0909674472214337,0.0572966275347759,0.136168127174918
"Lenoir",2017,0.122609174220518,0.0764317418253037,0.185246345293594
"Lincoln",2017,0.104278762133636,0.069708434009491,0.151336632228533
"Macon",2017,0.0929107573295647,0.0573344161733522,0.145459623313974
"Madison",2017,0.0974245836590827,0.0469413434428815,0.18033309954174
"Martin",2017,0.085812538946452,0.0475666522601239,0.147745998368826
"McDowell",2017,0.180759839184113,0.115720723236432,0.266233696284262
"Mecklenburg",2017,0.0672729271546325,0.0429852269804691,0.0981944646894581
"Mitchell",2017,0.0752861024000468,0.042790872701601,0.122231556007687
"Montgomery",2017,0.123758919995656,0.0828946229642015,0.178147970436863
"Moore",2017,0.135032902929867,0.0947613944869315,0.182363473851445
"Nash",2017,0.124770601545827,0.0798380951583687,0.183115447121998
"New Hanover",2017,0.123888108162756,0.0676452762460077,0.204190083456602
"Northampton",2017,0.104713789369001,0.058462602062105,0.17162987224348
"Onslow",2017,0.108597626652029,0.0642363897758124,0.169792830216348
"Orange",2017,0.13589816460046,0.08704576752501,0.196956415354155
"Pamlico",2017,0.18034454941615,0.0958111608167161,0.301592475071039
"Pasquotank",2017,0.0976708652566096,0.0456413866407219,0.183816463365057
"Pender",2017,0.0960947917526107,0.0618589480023508,0.142286993617756
"Perquimans",2017,0.108026648941667,0.0468706224780244,0.20727827170797
"Person",2017,0.131245279895476,0.0831509823198108,0.191731099927821
"Pitt",2017,0.137736746393911,0.0926582667089823,0.198606866981789
"Polk",2017,0.0170825979472047,0.00783412737588007,0.0324715587420461
"Randolph",2017,0.134628645819303,0.0940453907208877,0.187610636452844
"Richmond",2017,0.184675507479311,0.126876584439986,0.258569145401363
"Robeson",2017,0.163975812017793,0.108799854632854,0.233588771627094
"Rockingham",2017,0.120962845633588,0.0793669003610008,0.174145055085163
"Rowan",2017,0.10757253901754,0.0736757949359172,0.155304844518096
"Rutherford",2017,0.0874246016960329,0.0552886537000054,0.134030474493055
"Sampson",2017,0.0695145360102231,0.0451477225482793,0.102094716325888
"Scotland",2017,0.163277509151518,0.10353512567617,0.242307290291695
"Stanly",2017,0.0991816526042968,0.0682407416008815,0.140763661143083
"Stokes",2017,0.109638478464349,0.0694969099126317,0.166089549108741
"Surry",2017,0.114646455623193,0.0730973479682555,0.171002954802939
"Swain",2017,0.08324830169119,0.0418954367854917,0.144559972001997
"Transylvania",2017,0.0881582511082289,0.0507288513162909,0.144042612971023
"Tyrrell",2017,0.0900446554978992,0.0390024113276999,0.176687073394632
"Union",2017,0.0832898231333749,0.0532931659886947,0.125556430473765
"Vance",2017,0.193993571865176,0.113368386466,0.304933825115273
"Wake",2017,0.0791304641120786,0.0534872090107146,0.110680258478396
"Warren",2017,0.132447418163228,0.0775507623357102,0.209879739879215
"Washington",2017,0.119625194193201,0.067274188431415,0.194639595607511
"Watauga",2017,0.0799518843041949,0.0469161552821134,0.126887651818854
"Wayne",2017,0.117701347908731,0.0767874653298891,0.171988612633016
"Wilkes",2017,0.164063188454736,0.108242969182207,0.236663864046037
"Wilson",2017,0.138568160667045,0.0894211451030513,0.203348067304748
"Yadkin",2017,0.129708118106338,0.0840993674923728,0.191563971707407
"Yancey",2017,0.0800051340278162,0.0462387758969233,0.130490134625335
"Alamance",2018,0.13377899747647,0.0883660325998441,0.191784085740177
"Alexander",2018,0.193177305762233,0.122356787475029,0.285308448995321
"Alleghany",2018,0.11336096809852,0.0605021492498911,0.189583733131907
"Anson",2018,0.105493417159282,0.0633063820915133,0.164037652773686
"Ashe",2018,0.135008719335785,0.0784345533345458,0.214361617942132
"Avery",2018,0.107262335924902,0.0656519278680393,0.162949050018857
"Beaufort",2018,0.157574462793805,0.105253731802601,0.22758456013205
"Bertie",2018,0.0997120668715553,0.0586470690152769,0.155989846441959
"Bladen",2018,0.110033226897315,0.0724571070900034,0.158122387498567
"Brunswick",2018,0.144235265291154,0.0869983442994554,0.219769553023851
"Buncombe",2018,0.171689744458379,0.110123539916586,0.26897665158086
"Burke",2018,0.190923663060844,0.125998540134815,0.276816020932642
"Cabarrus",2018,0.123092267622314,0.0806698841064057,0.183943847738818
"Caldwell",2018,0.187317912890257,0.121298951617758,0.272488215215448
"Camden",2018,0.127247125920381,0.0562138224128568,0.239238039176644
"Carteret",2018,0.175730794830976,0.108335048737083,0.271792837804974
"Caswell",2018,0.154874558177498,0.0930113854769164,0.23575955800939
"Catawba",2018,0.173766686494627,0.112416813558121,0.254553447639705
"Chatham",2018,0.166537349650981,0.114221573166613,0.229025454278193
"Cherokee",2018,0.19028202306615,0.0960707538899143,0.336367517238016
"Chowan",2018,0.144671685335723,0.0676624805291061,0.263081048164911
"Clay",2018,0.0453288599423293,0.0178092468222617,0.0945083426528717
"Cleveland",2018,0.181653499687944,0.113931821826654,0.277726841474233
"Columbus",2018,0.149176499086009,0.0991803409497256,0.212199372210419
"Craven",2018,0.176975776718933,0.115071173265171,0.261923311357838
"Cumberland",2018,0.128982252093724,0.0885849313874602,0.178928155564668
"Currituck",2018,0.110663834389433,0.0464456349358141,0.208018665470704
"Dare",2018,0.109565041748311,0.053397415019886,0.184685567500427
"Davidson",2018,0.140864403260715,0.0956414952449952,0.199394697769974
"Davie",2018,0.129140730153539,0.0839318997341463,0.192697407775405
"Duplin",2018,0.0888489579061819,0.057381555744404,0.133065813730413
"Durham",2018,0.163434341798443,0.112122898126125,0.230593951486687
"Edgecombe",2018,0.172085754770913,0.107623654062022,0.253855935074606
"Forsyth",2018,0.118379295818596,0.0782405373098723,0.172557850662377
"Franklin",2018,0.134644040142999,0.0916303737546975,0.191070009054671
"Gaston",2018,0.171135090405644,0.106027721812679,0.259156428025369
"Gates",2018,0.134511716240915,0.0626768718640939,0.242968044354491
"Graham",2018,0.169848003046518,0.0858441163569841,0.296937802119011
"Granville",2018,0.178784836169879,0.118086193979086,0.256645831030447
"Greene",2018,0.118072746554306,0.0713212690448884,0.181802162813536
"Guilford",2018,0.117396299452686,0.0800918159249303,0.171554403377027
"Halifax",2018,0.168383994421404,0.111950069030646,0.243754960864566
"Harnett",2018,0.0950893046250951,0.0668226222645515,0.128436688407872
"Haywood",2018,0.212706692883091,0.131899041781392,0.329090637989248
"Henderson",2018,0.133211805810187,0.0788674622869679,0.214356862205721
"Hertford",2018,0.0794534842649408,0.0434411668768021,0.127941753186043
"Hoke",2018,0.126175764999296,0.0809663647918378,0.183467972876317
"Hyde",2018,0.0612550462948144,0.0294447009138891,0.108651979656387
"Iredell",2018,0.13139101216531,0.0885508833924809,0.190687123276936
"Jackson",2018,0.164168594844529,0.093508959741275,0.272867027243986
"Johnston",2018,0.14334157051887,0.0989569506677645,0.199021143718457
"Jones",2018,0.131623810187188,0.0796841521663845,0.20458852078679
"Lee",2018,0.121578324182386,0.0781311632106302,0.178285280929066
"Lenoir",2018,0.137324950657752,0.0894741830013129,0.199828358992225
"Lincoln",2018,0.154459703564743,0.0979067713185906,0.230932472220988
"Macon",2018,0.171199347035983,0.104429275379071,0.265336125475227
"Madison",2018,0.207590323817213,0.113676480339065,0.350482482851547
"Martin",2018,0.154767530817301,0.0843329699610204,0.261625255930454
"McDowell",2018,0.180286441433316,0.118612724239758,0.259570847715495
"Mecklenburg",2018,0.100701749727199,0.0637123400558825,0.155134001232656
"Mitchell",2018,0.141579778565049,0.0843923958539498,0.217390734874167
"Montgomery",2018,0.157738866196115,0.106091705273943,0.224153825415844
"Moore",2018,0.168842229299369,0.120537897713346,0.227102213815557
"Nash",2018,0.132817153649244,0.08864751918114,0.191939611428748
"New Hanover",2018,0.138363070613179,0.0750047027421757,0.222409186482461
"Northampton",2018,0.0992871887201688,0.0556794671503663,0.161287450152716
"Onslow",2018,0.117960044153584,0.0744507524741254,0.180723535456437
"Orange",2018,0.14441128368771,0.0919921274165293,0.210741312370924
"Pamlico",2018,0.165076007669797,0.0902966187312015,0.277345998072183
"Pasquotank",2018,0.152722818055337,0.0702307999326073,0.28055669645921
"Pender",2018,0.122575555018241,0.0829237974265735,0.173920651111192
"Perquimans",2018,0.15262918917294,0.0684951297938332,0.280723686636118
"Person",2018,0.145727691707088,0.0929964182030206,0.213701911913438
"Pitt",2018,0.149228243286944,0.101168947654749,0.209323583238894
"Polk",2018,0.0751261352936697,0.0378304880128486,0.134684028313078
"Randolph",2018,0.157949968249597,0.110919368055764,0.220815422779904
"Richmond",2018,0.211484062254989,0.14612242002198,0.2900785274736
"Robeson",2018,0.197324516044082,0.135735935669472,0.279859071938757
"Rockingham",2018,0.159623087450469,0.104308099674924,0.231057632340512
"Rowan",2018,0.140727612658416,0.0924896377671831,0.205659272485636
"Rutherford",2018,0.130151801299935,0.0805251741486452,0.203869896618599
"Sampson",2018,0.0786373305007446,0.0525818199826087,0.112429692116724
"Scotland",2018,0.216939594176366,0.141122973860308,0.310439501762144
"Stanly",2018,0.128101744321058,0.0879553907637769,0.182618337718695
"Stokes",2018,0.144446446507575,0.091350367956862,0.220420912426456
"Surry",2018,0.135519230257322,0.0879062508847697,0.205644950381163
"Swain",2018,0.146932541945508,0.0842745562642444,0.232863907633439
"Transylvania",2018,0.155769590435416,0.0923730174081058,0.245101598163561
"Tyrrell",2018,0.0738251499113703,0.0297211079444808,0.147917781307033
"Union",2018,0.114425756087713,0.0713420547321484,0.174643290096449
"Vance",2018,0.250565867846914,0.157210827432379,0.369503378826004
"Wake",2018,0.0972118268093672,0.0670420960393001,0.132314985234084
"Warren",2018,0.147366045211893,0.091359345334945,0.224833486122678
"Washington",2018,0.154738584657939,0.0904856712955924,0.246197940814205
"Watauga",2018,0.139195482804391,0.082053143712778,0.221474075271921
"Wayne",2018,0.136808356027043,0.0902449276259022,0.194111927590642
"Wilkes",2018,0.234665119482575,0.155527769737456,0.337425695221996
"Wilson",2018,0.16963382767254,0.111784422696885,0.245555408228946
"Yadkin",2018,0.173993494292442,0.113015007325036,0.260699545545827
"Yancey",2018,0.157455085093322,0.0944845847612535,0.246949816069
"Alamance",2019,0.181072078480727,0.121327582127387,0.259018603617551
"Alexander",2019,0.325699686811562,0.218564160861355,0.450182014340326
"Alleghany",2019,0.202669762993159,0.115033870287789,0.322411373043205
"Anson",2019,0.171147592635437,0.105320685255687,0.260132998417609
"Ashe",2019,0.250408456437476,0.15211496813426,0.365863821854479
"Avery",2019,0.215497993747374,0.142056256352693,0.297776534751469
"Beaufort",2019,0.159444186343856,0.10423305884108,0.227833592850858
"Bertie",2019,0.115515737046578,0.0681318936753423,0.178796536579854
"Bladen",2019,0.149195544899918,0.100988056812985,0.210332121604151
"Brunswick",2019,0.16937627469095,0.110280185597692,0.245402051833169
"Buncombe",2019,0.269395969365402,0.160069763364544,0.388328566512773
"Burke",2019,0.254848818770485,0.171456245963686,0.345027163022694
"Cabarrus",2019,0.18517216001411,0.124265516427415,0.262123153979471
"Caldwell",2019,0.266522545029423,0.181079895527991,0.365946039279561
"Camden",2019,0.055063245584209,0.0230146755524676,0.110159718495858
"Carteret",2019,0.195783275673622,0.120119882407469,0.292620719667382
"Caswell",2019,0.178139152109393,0.10819138627729,0.270191153118061
"Catawba",2019,0.270527876062494,0.180788390696535,0.380072460212456
"Chatham",2019,0.198580195850697,0.136286906223564,0.281115373881449
"Cherokee",2019,0.288767164712311,0.136112836910116,0.492863388412008
"Chowan",2019,0.118222603242167,0.0558785377826712,0.211956959416708
"Clay",2019,0.280711089344614,0.117152146572454,0.502427343712905
"Cleveland",2019,0.262105896977285,0.171436986646637,0.370650474868141
"Columbus",2019,0.195027037097803,0.135115752815625,0.268223179661283
"Craven",2019,0.192780399750019,0.124484419485633,0.278365485750934
"Cumberland",2019,0.164368696025892,0.113893175047162,0.226794344773914
"Currituck",2019,0.111518474624566,0.0506116798153027,0.210058789026897
"Dare",2019,0.104574121832391,0.0520825106667151,0.18373716345842
"Davidson",2019,0.198288588168054,0.138505447213036,0.271269119891137
"Davie",2019,0.184420173897508,0.121737763340769,0.262197853150574
"Duplin",2019,0.103452337141324,0.0659006709795628,0.153752217120638
"Durham",2019,0.215398620459408,0.147558046984072,0.30802372381986
"Edgecombe",2019,0.209818183187794,0.133841677341259,0.308418280355247
"Forsyth",2019,0.175768897297029,0.118937469401028,0.244591995947429
"Franklin",2019,0.152037091827697,0.102796319288006,0.216103652266147
"Gaston",2019,0.245478143788392,0.160311332456213,0.345737825161575
"Gates",2019,0.102163541353641,0.0496547446686711,0.181408978970572
"Graham",2019,0.246837642877146,0.123286357488364,0.394012225510927
"Granville",2019,0.19656101927734,0.129532142689902,0.284308487594036
"Greene",2019,0.0510576579034807,0.028309932170376,0.0825485076740646
"Guilford",2019,0.17027504692779,0.113986863012067,0.247477608811965
"Halifax",2019,0.189748991176772,0.124731536890509,0.274054921029887
"Harnett",2019,0.115459722839046,0.0795378385347723,0.160748802832772
"Haywood",2019,0.323297848504957,0.197036471949746,0.459928601745582
"Henderson",2019,0.26766905633454,0.154459823735179,0.396844861694814
"Hertford",2019,0.0664959952066648,0.0376804810467436,0.106062381731498
"Hoke",2019,0.157277983556191,0.101727369888887,0.228437720980628
"Hyde",2019,0.0475247899143026,0.0212803646134879,0.0884966089249419
"Iredell",2019,0.204726030955761,0.14418580036219,0.278394624258619
"Jackson",2019,0.247362234750345,0.134978019827278,0.380347024452854
"Johnston",2019,0.165847152826926,0.114474239149776,0.229901291813627
"Jones",2019,0.169971444427239,0.103505867719992,0.258268381638788
"Lee",2019,0.147927647569777,0.0948309332869151,0.212953705983502
"Lenoir",2019,0.150043350300299,0.0990317884669923,0.217430712254404
"Lincoln",2019,0.23171093271162,0.154315121415715,0.319981731387662
"Macon",2019,0.282686397293651,0.178721664508953,0.407345083389383
"Madison",2019,0.326814704616809,0.169514787130078,0.51802774906061
"Martin",2019,0.233828861223143,0.127484035628777,0.365263510782381
"McDowell",2019,0.190874248802963,0.125834755617748,0.273995557549424
"Mecklenburg",2019,0.147840556704893,0.0939166669719525,0.218979279628382
"Mitchell",2019,0.19610568473511,0.126725698762957,0.270403447899742
"Montgomery",2019,0.204375508675444,0.138872067180677,0.28456427321143
"Moore",2019,0.204433484589711,0.146472406937215,0.273153731130763
"Nash",2019,0.156071099243688,0.104274012502705,0.220744429799839
"New Hanover",2019,0.187051511179935,0.11444764151992,0.285901299166133
"Northampton",2019,0.0833111862126116,0.0458682574216441,0.138498554218055
"Onslow",2019,0.141312439392829,0.0916756575270975,0.208417636924945
"Orange",2019,0.179042987936771,0.116554636894472,0.261361435363757
"Pamlico",2019,0.190587333084985,0.100363416018569,0.321270756152588
"Pasquotank",2019,0.155566251337928,0.0755261356517407,0.269736434822042
"Pender",2019,0.159300687209553,0.111663641686657,0.22013888613856
"Perquimans",2019,0.0571338363102026,0.0246989514824596,0.112195167472956
"Person",2019,0.167927705012933,0.109000185149149,0.243466867513084
"Pitt",2019,0.138159319891287,0.0950975783481328,0.190565848742716
"Polk",2019,0.188422333753661,0.0991546305940807,0.299151571168201
"Randolph",2019,0.210180146715373,0.145937061461975,0.292309264338271
"Richmond",2019,0.266512821601918,0.189172414716146,0.355943013336913
"Robeson",2019,0.250388265923788,0.169999030141002,0.349868838812475
"Rockingham",2019,0.226203341269385,0.149020430622889,0.321725343146282
"Rowan",2019,0.194436002927305,0.13313419642929,0.269860903578373
"Rutherford",2019,0.229617059509333,0.143291172191224,0.328071415344179
"Sampson",2019,0.110607777806668,0.0741524945011172,0.157663349459312
"Scotland",2019,0.249086063887655,0.166676226097466,0.351158650958215
"Stanly",2019,0.200115514374881,0.13842514948585,0.27708943202041
"Stokes",2019,0.243973393021111,0.156353209242636,0.353145221010984
"Surry",2019,0.207404781600542,0.136325819894843,0.294697847611374
"Swain",2019,0.188611920265208,0.108838872239509,0.276921580177119
"Transylvania",2019,0.249596254867443,0.143764048640588,0.37078628254579
"Tyrrell",2019,0.0607922635278833,0.0231044580315866,0.125251297787599
"Union",2019,0.181757162094067,0.117669629477058,0.266908680496951
"Vance",2019,0.258464391218761,0.159721271551825,0.385447408030778
"Wake",2019,0.129020841681508,0.0929261194723456,0.179636258810816
"Warren",2019,0.160332180524719,0.0979630796818672,0.24399447626528
"Washington",2019,0.126201975653507,0.0715596724252304,0.201688591078965
"Watauga",2019,0.290219060686043,0.17849087589306,0.424747268904768
"Wayne",2019,0.157032951792924,0.104552997415103,0.223702832956261
"Wilkes",2019,0.349266496700165,0.242547801384656,0.471344786756012
"Wilson",2019,0.205368088271038,0.135457664569534,0.294257781601898
"Yadkin",2019,0.252864732143994,0.169931786244886,0.351689670994642
"Yancey",2019,0.263514447885261,0.163536576108611,0.37549602027481
"Alamance",2020,0.265927596123249,0.172668480100227,0.379393011555272
"Alexander",2020,0.328666620655506,0.220976447962451,0.448549678000469
"Alleghany",2020,0.290508342753683,0.173072435288206,0.432948146725071
"Anson",2020,0.218810046120775,0.129991719474571,0.332123361354037
"Ashe",2020,0.278391238005194,0.175725625667994,0.391381837182831
"Avery",2020,0.21052152432893,0.140869832138991,0.286412135172482
"Beaufort",2020,0.20511431294202,0.138665473239876,0.285932848036927
"Bertie",2020,0.211265414731997,0.127715012071096,0.320955441934356
"Bladen",2020,0.228089841334816,0.147502543833865,0.326596576776657
"Brunswick",2020,0.250925512511004,0.150467792555615,0.374055497692149
"Buncombe",2020,0.301399492301634,0.17398392310492,0.432856865546093
"Burke",2020,0.263008571135994,0.173857699888431,0.360055295306874
"Cabarrus",2020,0.26810229939283,0.174487304908389,0.382037591016635
"Caldwell",2020,0.257728599959406,0.174012199749971,0.348224213331331
"Camden",2020,0.0425388531268169,0.0166256876531068,0.0874998082764349
"Carteret",2020,0.269106011940591,0.16052355082506,0.408213950345907
"Caswell",2020,0.243529129585598,0.148036552963138,0.371422410536268
"Catawba",2020,0.269768915189168,0.176538729047126,0.375748048979888
"Chatham",2020,0.266934913140092,0.17713698122551,0.379828340343699
"Cherokee",2020,0.25494629225783,0.124919573203294,0.41504569559313
"Chowan",2020,0.168706593660224,0.083507308256633,0.291553682114658
"Clay",2020,0.233613338639908,0.103630122268751,0.410694632805744
"Cleveland",2020,0.309677856683644,0.197410997567796,0.434552684857932
"Columbus",2020,0.272892582020783,0.175172529680902,0.387189068543857
"Craven",2020,0.270180568873046,0.178831766808063,0.391250461592975
"Cumberland",2020,0.238343154348299,0.155080240489366,0.337322053465107
"Currituck",2020,0.160263011514489,0.0724900035531486,0.291461521615215
"Dare",2020,0.153320534977762,0.076548340798286,0.253942336447053
"Davidson",2020,0.284662294017114,0.193705715257446,0.392667783250371
"Davie",2020,0.278078375230663,0.179533651959413,0.393551334477279
"Duplin",2020,0.12640406953457,0.07911234896846,0.187699856990851
"Durham",2020,0.268878012360495,0.179994590104451,0.388089045968797
"Edgecombe",2020,0.287908185963697,0.185124308151927,0.423779649379201
"Forsyth",2020,0.264341450481701,0.175656564472332,0.363572965918894
"Franklin",2020,0.234806993362234,0.153472475491938,0.340197614468187
"Gaston",2020,0.267941369089565,0.165904171904521,0.380468313336449
"Gates",2020,0.0591629244823211,0.0267322940694819,0.11065092525695
"Graham",2020,0.224736460426924,0.116678114240074,0.354825854329054
"Granville",2020,0.28229780437086,0.183576060855854,0.411296795106883
"Greene",2020,0.183964623495952,0.110264839986066,0.287641367738544
"Guilford",2020,0.252873619339501,0.164140844284321,0.363132233869133
"Halifax",2020,0.265923398829367,0.172198396591575,0.385338128741257
"Harnett",2020,0.160053345979604,0.106706024785917,0.228296423342919
"Haywood",2020,0.292836806920291,0.170850604603618,0.406083186023779
"Henderson",2020,0.261859384616512,0.147901075519786,0.3840037409529
"Hertford",2020,0.0879976706149636,0.0509163006376037,0.137187087151139
"Hoke",2020,0.189765678424265,0.118762848169459,0.280424393989991
"Hyde",2020,0.0888753587391212,0.0420506576996936,0.160134916048785
"Iredell",2020,0.240573740170007,0.166147267101126,0.322570091143704
"Jackson",2020,0.212268048870139,0.114120418132222,0.324859787980904
"Johnston",2020,0.238865591125296,0.161393089454306,0.341723466682652
"Jones",2020,0.274286421292687,0.169274936000155,0.412555408538298
"Lee",2020,0.184108102995038,0.11519298591824,0.26852040541539
"Lenoir",2020,0.200200284238391,0.130113979849083,0.294738477802197
"Lincoln",2020,0.253142977016931,0.165005220302036,0.351445378310947
"Macon",2020,0.246377919766502,0.15050366680983,0.35321344344294
"Madison",2020,0.347262592736662,0.184579096734816,0.532756099526011
"Martin",2020,0.238652010045811,0.123518847967562,0.372065239362328
"McDowell",2020,0.255991313160161,0.169264829145839,0.360731376235857
"Mecklenburg",2020,0.22149004706826,0.136387682626172,0.321134414724025
"Mitchell",2020,0.197251227551423,0.126812780916856,0.268536508614012
"Montgomery",2020,0.248057707510413,0.165661094291219,0.347709450420566
"Moore",2020,0.273019145573798,0.1878936491714,0.368351501995247
"Nash",2020,0.225040498631199,0.149896492808452,0.326242663484147
"New Hanover",2020,0.293080724689216,0.171548336176617,0.465973603854766
"Northampton",2020,0.0801602318311288,0.0409974655094349,0.138034701761549
"Onslow",2020,0.199818187814609,0.124381681118072,0.294102240414542
"Orange",2020,0.251337977932959,0.163989729256171,0.365980000082071
"Pamlico",2020,0.235563282013712,0.131029982312271,0.388860826194905
"Pasquotank",2020,0.193979098989904,0.0973234862975667,0.334063199623696
"Pender",2020,0.237045831506092,0.155913454523652,0.33460981799842
"Perquimans",2020,0.149730532621447,0.0726515131317039,0.267945769826234
"Person",2020,0.213850559337012,0.139770819531014,0.304015643404396
"Pitt",2020,0.204540408288383,0.137591481828398,0.289243437267939
"Polk",2020,0.192489831656525,0.0986774357894416,0.309723556762694
"Randolph",2020,0.27706929834238,0.185750494783104,0.385505065330495
"Richmond",2020,0.312471516660901,0.217765656343242,0.417990052794667
"Robeson",2020,0.336254589895519,0.221247842627555,0.472854959525483
"Rockingham",2020,0.313143842308558,0.202899493183248,0.44264155195121
"Rowan",2020,0.266401079476119,0.176453027599836,0.374883692247146
"Rutherford",2020,0.235058957154106,0.14141485830173,0.337418763974999
"Sampson",2020,0.153853932095919,0.100132567684057,0.219904504563116
"Scotland",2020,0.36045717244056,0.238084154069341,0.504120049681683
"Stanly",2020,0.312944328278005,0.213507387130026,0.431327625299076
"Stokes",2020,0.313530670146525,0.198485396986644,0.453052359457926
"Surry",2020,0.333255458844795,0.228439372070164,0.461811068933751
"Swain",2020,0.162058644480533,0.0933128436818154,0.231643686287731
"Transylvania",2020,0.215477151728162,0.122432373033066,0.311846133849351
"Tyrrell",2020,0.147850375856283,0.0631245522587609,0.279138097656477
"Union",2020,0.266558351413763,0.166961277282748,0.38755101489718
"Vance",2020,0.384705472013244,0.239734732568286,0.561731826909711
"Wake",2020,0.18828919696919,0.128477489887649,0.272469259424459
"Warren",2020,0.228142336327795,0.135183669594858,0.35025894775552
"Washington",2020,0.170656942986742,0.0981288681942683,0.269344881522182
"Watauga",2020,0.295480105637427,0.18274405555079,0.438481459046635
"Wayne",2020,0.259541712304519,0.172615168007747,0.373237821635877
"Wilkes",2020,0.440865419387241,0.31508629981814,0.576565358399781
"Wilson",2020,0.33925484594342,0.226308286332379,0.483480443509237
"Yadkin",2020,0.318401163970004,0.211125535356231,0.43581819177716
"Yancey",2020,0.272719586196968,0.164546844634377,0.382452165548858
"Alamance",2021,0.286372480482508,0.188520667574615,0.409185160510062
"Alexander",2021,0.322935143360184,0.213802049508311,0.442364075092281
"Alleghany",2021,0.299623236201903,0.176848637637795,0.447600422050167
"Anson",2021,0.26212782712074,0.153671068960072,0.404255524822139
"Ashe",2021,0.332091149276286,0.209696757424715,0.467156715416808
"Avery",2021,0.215421341983152,0.143426828704766,0.294048649574599
"Beaufort",2021,0.267528373622673,0.188062978618294,0.359163117707863
"Bertie",2021,0.295845167850458,0.181364658373522,0.440400627274388
"Bladen",2021,0.336867548067229,0.219394286844927,0.477712975034796
"Brunswick",2021,0.373941036143132,0.229638169508899,0.527691946440953
"Buncombe",2021,0.325657285741355,0.198024497584432,0.467019503730693
"Burke",2021,0.250888532062943,0.166245708329404,0.356924522404855
"Cabarrus",2021,0.306461526831731,0.190942265662402,0.448326295774482
"Caldwell",2021,0.285421422167463,0.187684315309986,0.396277882669777
"Camden",2021,0.105009858421572,0.041455348116972,0.21001524565158
"Carteret",2021,0.414198947212499,0.25708245965065,0.598220937735568
"Caswell",2021,0.353949133218454,0.220076415156629,0.524944024530843
"Catawba",2021,0.235389678928871,0.150837390947681,0.340556823231449
"Chatham",2021,0.307859411649484,0.202571992087445,0.440927178787926
"Cherokee",2021,0.156819143998936,0.0774356909482634,0.259104682305563
"Chowan",2021,0.266524298349187,0.137229148740607,0.443012634000582
"Clay",2021,0.0552512760430997,0.0221529402166413,0.10538669543352
"Cleveland",2021,0.318586696058448,0.204377325479114,0.453940624557627
"Columbus",2021,0.340603335847242,0.218743891377307,0.477084311543361
"Craven",2021,0.340481203488487,0.224875587205996,0.485335425489272
"Cumberland",2021,0.336084638763152,0.221065265797994,0.491535009120639
"Currituck",2021,0.269449702546275,0.127149986391194,0.464945961350558
"Dare",2021,0.248388967308797,0.129873886506238,0.394555877154896
"Davidson",2021,0.319577954049709,0.20966029623082,0.456933455211567
"Davie",2021,0.288815167944899,0.183579208474711,0.420366363490463
"Duplin",2021,0.18807740207797,0.117360350695258,0.280131602768281
"Durham",2021,0.319547845982145,0.209954702169854,0.460963823588866
"Edgecombe",2021,0.392443911549664,0.259254800669894,0.55283844979043
"Forsyth",2021,0.297819380159214,0.192166076597186,0.430199835509804
"Franklin",2021,0.323282018429304,0.214280360242652,0.461134437668443
"Gaston",2021,0.310997676300813,0.195880538107308,0.450243011059823
"Gates",2021,0.0941815193041708,0.0420489896641495,0.175104971006416
"Graham",2021,0.208785652691301,0.107071401875805,0.331829281144124
"Granville",2021,0.3423945969693,0.224544604075494,0.496805341849265
"Greene",2021,0.350658540615248,0.21376395568555,0.525931376436304
"Guilford",2021,0.270079502943456,0.173098776191764,0.391155942829579
"Halifax",2021,0.381710536913609,0.255876082392081,0.534972438310946
"Harnett",2021,0.242270896437514,0.160368124614688,0.343543574390858
"Haywood",2021,0.295713631594892,0.17362729877687,0.427262513592685
"Henderson",2021,0.268341813466573,0.15464944368891,0.397179382749625
"Hertford",2021,0.170624090553223,0.103473022629297,0.252798390193803
"Hoke",2021,0.272693049651828,0.168053996921003,0.411576305655023
"Hyde",2021,0.211909710009903,0.110657315554422,0.349111525355247
"Iredell",2021,0.280840997223239,0.189684918660446,0.387914280302243
"Jackson",2021,0.20862069962016,0.114411996112925,0.325868537501156
"Johnston",2021,0.320515797440738,0.21301926391882,0.45274644907728
"Jones",2021,0.362497223199432,0.22902186661979,0.523118536752967
"Lee",2021,0.266065584459803,0.168986219528046,0.386557194925656
"Lenoir",2021,0.30137648787056,0.196105162045068,0.435349047974
"Lincoln",2021,0.253692816002683,0.166119394969843,0.364435826141746
"Macon",2021,0.308414661271928,0.188645907131238,0.446733719084827
"Madison",2021,0.308020592988064,0.169123474067176,0.470807356464562
"Martin",2021,0.263454075898403,0.142619850458917,0.41173354254945
"McDowell",2021,0.332362703910241,0.228419806249932,0.455077287297314
"Mecklenburg",2021,0.305988379520024,0.184051310342327,0.4580805874581
"Mitchell",2021,0.203699363111119,0.130898631291203,0.281165671319337
"Montgomery",2021,0.283087193587316,0.182256161251568,0.407431422565582
"Moore",2021,0.367743929387301,0.254954312909042,0.501319719070435
"Nash",2021,0.302612208484594,0.20330253986111,0.423862046465933
"New Hanover",2021,0.425012641690494,0.251210700717511,0.634292204017205
"Northampton",2021,0.24679568594413,0.141589504966937,0.381171331532372
"Onslow",2021,0.300592594815346,0.186518684689368,0.446316263057426
"Orange",2021,0.329792755917069,0.217813581942291,0.48101275153887
"Pamlico",2021,0.322659386134448,0.181992362828676,0.506535592254539
"Pasquotank",2021,0.299876641552584,0.156212988684429,0.49115715560719
"Pender",2021,0.342524364156823,0.229503644599271,0.47365089962021
"Perquimans",2021,0.304143103448008,0.154332295183416,0.50667538613801
"Person",2021,0.280987809928696,0.190481938355122,0.389362165033307
"Pitt",2021,0.294626242625837,0.204046245455708,0.406622521449684
"Polk",2021,0.21996766956068,0.114782188312326,0.355236788017685
"Randolph",2021,0.362086025572301,0.244340312912282,0.503542939011213
"Richmond",2021,0.382720854300008,0.262721477975554,0.521765593937396
"Robeson",2021,0.448157982836517,0.295974279109273,0.620108338998672
"Rockingham",2021,0.336938248517362,0.223162411305013,0.47408638058189
"Rowan",2021,0.304280898344295,0.193551431235157,0.438119307060724
"Rutherford",2021,0.250554646757984,0.151314225535802,0.365220414007918
"Sampson",2021,0.222242111752049,0.143613494618079,0.319549335788401
"Scotland",2021,0.446945921760373,0.292969311730884,0.625657036785507
"Stanly",2021,0.302294443717549,0.197067660266424,0.426071055360679
"Stokes",2021,0.324090100408827,0.20327272138898,0.476613996093471
"Surry",2021,0.328991504753029,0.216740260838061,0.457311455112228
"Swain",2021,0.162127416598214,0.0938827895753788,0.235793287036297
"Transylvania",2021,0.224879431807969,0.131348851987223,0.327144948987917
"Tyrrell",2021,0.307392232512746,0.149102957865858,0.527139589922
"Union",2021,0.298427601770778,0.178242695894678,0.446011910858902
"Vance",2021,0.482138823694413,0.316950368761457,0.674936123640694
"Wake",2021,0.27448268423519,0.185869570823106,0.386134606554386
"Warren",2021,0.341254898394188,0.21261414266498,0.504116236512793
"Washington",2021,0.253611469357445,0.151286544785579,0.387367997148156
"Watauga",2021,0.346538794339805,0.214360161626678,0.506100838629233
"Wayne",2021,0.376732252107546,0.250938968845674,0.531160092518403
"Wilkes",2021,0.490793341428026,0.35283582017541,0.641179954582427
"Wilson",2021,0.448109258576827,0.305405994624208,0.609516431251885
"Yadkin",2021,0.359041867333678,0.237384693291762,0.505383541908321
"Yancey",2021,0.27000675957834,0.164369523317337,0.386362351674909
